[
    {
        "pk": 1, 
        "model": "auth.user", 
        "fields": {
            "username": "administrator", 
            "first_name": "", 
            "last_name": "", 
            "is_active": true, 
            "is_superuser": true, 
            "is_staff": true, 
            "last_login": "2011-10-13 02:01:05", 
            "groups": [], 
            "user_permissions": [], 
            "password": "", 
            "email": "address1@example.com", 
            "date_joined": "2011-10-13 02:01:04"
        }
    }, 
    {
        "pk": 1, 
        "model": "users.userprofile", 
        "fields": {
            "username": "administrator", 
            "bio": "", 
            "newsletter": false, 
            "last_active": "2011-10-13 03:24:17", 
            "confirmation_code": "", 
            "image": "", 
            "deleted": false, 
            "created_on": "2011-10-13 02:01:04", 
            "discard_welcome": false, 
            "featured": false, 
            "location": "", 
            "full_name": "User-1", 
            "preflang": "en", 
            "password": "sha512$00cc1e5944$786fa9c03a357895c6444593172d01bbc8cb82fbcb9d278a5dcbd1c0f81549ae12a11ecf7a6fe9ce74edfaff5058e34d835d464b08ea873dbfc1fabd78df9ef5", 
            "email": "address1@example.com", 
            "user": 1
        }
    }, 
    {
        "pk": 2, 
        "model": "auth.user", 
        "fields": {
            "username": "user-2", 
            "first_name": "", 
            "last_name": "", 
            "is_active": true, 
            "is_superuser": true, 
            "is_staff": true, 
            "last_login": "2011-10-13 02:01:05", 
            "groups": [], 
            "user_permissions": [], 
            "password": "", 
            "email": "address2@example.com", 
            "date_joined": "2011-10-13 02:01:04"
        }
    }, 
    {
        "pk": 2, 
        "model": "users.userprofile", 
        "fields": {
            "username": "user-2", 
            "bio": "", 
            "newsletter": false, 
            "last_active": "2011-10-13 03:24:17", 
            "confirmation_code": "", 
            "image": "", 
            "deleted": false, 
            "created_on": "2011-10-13 02:01:04", 
            "discard_welcome": false, 
            "featured": false, 
            "location": "", 
            "full_name": "User-2", 
            "preflang": "es", 
            "password": "sha512$00cc1e5944$786fa9c03a357895c6444593172d01bbc8cb82fbcb9d278a5dcbd1c0f81549ae12a11ecf7a6fe9ce74edfaff5058e34d835d464b08ea873dbfc1fabd78df9ef5", 
            "email": "address2@example.com", 
            "user": 2
        }
    }, 
    {
        "pk": 1,
        "model": "reviews.reviewer",
        "fields": {
            "user": 1,
            "can_delete": true,
            "can_feature": true
        }
    },
    {
        "pk": 1, 
        "model": "projects.project", 
        "fields": {
            "category": "challenge", 
            "school": 3, 
            "name": "Challenge 1 Under Development", 
            "end_date": null, 
            "other_description": "", 
            "image": "", 
            "not_listed": false, 
            "created_on": "2011-10-13 02:01:34", 
            "slug": "test-webmaking-101", 
            "start_date": null, 
            "under_development": true, 
            "featured": false, 
            "other": "", 
            "next_projects": [
                2
            ], 
            "completion_badges": [],
            "detailed_description": 1, 
            "short_description": "test", 
            "archived": false, 
            "long_description": "<p>\n\ttest</p>", 
            "imported_from": null, 
            "clone_of": null
        }
    }, 
    {
        "pk": 2, 
        "model": "projects.project", 
        "fields": {
            "category": "challenge", 
            "school": 1, 
            "name": "Challenge 2 School 1", 
            "end_date": null, 
            "other_description": "", 
            "image": "", 
            "not_listed": false, 
            "created_on": "2011-10-13 02:03:50", 
            "slug": "test-webmaking-101-2", 
            "start_date": null, 
            "under_development": false, 
            "featured": false, 
            "other": "", 
            "next_projects": [
                3
            ], 
            "completion_badges": [], 
            "detailed_description": 5, 
            "short_description": "test", 
            "archived": false, 
            "long_description": "<p>\n\ttest</p>", 
            "imported_from": null, 
            "clone_of": 1
        }
    }, 
    {
        "pk": 3, 
        "model": "projects.project", 
        "fields": {
            "category": "challenge", 
            "school": 3, 
            "name": "Challenge 3 Not Listed", 
            "end_date": null, 
            "other_description": "", 
            "image": "", 
            "not_listed": true, 
            "created_on": "2011-10-13 02:05:54", 
            "slug": "test-webmaking-101-3", 
            "start_date": null, 
            "under_development": false, 
            "featured": false, 
            "other": "", 
            "next_projects": [
                4
            ], 
            "completion_badges": [], 
            "detailed_description": 9, 
            "short_description": "test", 
            "archived": false, 
            "long_description": "<p>\n\ttest</p>", 
            "imported_from": null, 
            "clone_of": 1
        }
    }, 
    {
        "pk": 4, 
        "model": "projects.project", 
        "fields": {
            "category": "challenge", 
            "school": 3, 
            "name": "Challenge 4 Archived", 
            "end_date": null, 
            "other_description": "", 
            "image": "", 
            "not_listed": false, 
            "created_on": "2011-10-13 02:23:46", 
            "slug": "test-webmaking-101-4", 
            "start_date": null, 
            "under_development": false, 
            "featured": false, 
            "other": "", 
            "next_projects": [
                5
            ], 
            "completion_badges": [], 
            "detailed_description": 13, 
            "short_description": "test", 
            "archived": true, 
            "long_description": "<p>\n\ttest</p>", 
            "imported_from": null, 
            "clone_of": 1
        }
    }, 
    {
        "pk": 5, 
        "model": "projects.project", 
        "fields": {
            "category": "challenge", 
            "school": 3, 
            "name": "Challenge 5 Spanish", 
            "end_date": null, 
            "other_description": "", 
            "image": "", 
            "not_listed": false, 
            "created_on": "2011-10-13 02:24:42", 
            "slug": "test-webmaking-101-5", 
            "start_date": null, 
            "under_development": false, 
            "featured": false, 
            "other": "", 
            "next_projects": [
                6
            ], 
            "detailed_description": 17, 
            "short_description": "test", 
            "archived": false, 
            "long_description": "<p>\n\ttest</p>", 
            "imported_from": null, 
            "clone_of": 1,
            "language": "es"
        }
    }, 
    {
        "pk": 6, 
        "model": "projects.project", 
        "fields": {
            "category": "challenge", 
            "school": 3, 
            "name": "Challenge 6 Featured", 
            "end_date": null, 
            "other_description": "", 
            "image": "", 
            "not_listed": false, 
            "created_on": "2011-10-13 02:26:11", 
            "slug": "test-webmaking-101-6", 
            "start_date": null, 
            "under_development": false, 
            "featured": true, 
            "other": "", 
            "next_projects": [
                7
            ], 
            "detailed_description": 21, 
            "short_description": "test", 
            "archived": false, 
            "long_description": "<p>\n\ttest</p>", 
            "imported_from": null, 
            "clone_of": 1
        }
    }, 
    {
        "pk": 7, 
        "model": "projects.project", 
        "fields": {
            "category": "challenge", 
            "school": 3, 
            "name": "Challenge 7 tag 1 & 2", 
            "end_date": null, 
            "other_description": "", 
            "image": "", 
            "not_listed": false, 
            "created_on": "2011-10-13 02:26:34", 
            "slug": "test-webmaking-101-7", 
            "start_date": null, 
            "under_development": false, 
            "featured": false, 
            "other": "", 
            "next_projects": [], 
            "detailed_description": 25, 
            "short_description": "test", 
            "archived": false, 
            "long_description": "<p>\n\ttest</p>", 
            "imported_from": null, 
            "clone_of": 1
        }
    }, 
    {
        "pk": 8, 
        "model": "projects.project", 
        "fields": {
            "category": "course", 
            "school": 3, 
            "name": "Course 1 Closed Signup", 
            "end_date": null, 
            "other_description": "", 
            "image": "", 
            "not_listed": false, 
            "created_on": "2011-10-13 02:26:34", 
            "slug": "course-1", 
            "start_date": null, 
            "under_development": false, 
            "featured": false, 
            "other": "", 
            "next_projects": [], 
            "detailed_description": 29, 
            "short_description": "test", 
            "archived": false, 
            "long_description": "<p>\n\ttest</p>", 
            "imported_from": null, 
            "clone_of": 1
        }
    }, 
    {
        "pk": 9, 
        "model": "projects.project", 
        "fields": {
            "category": "course", 
            "school": 3, 
            "name": "Course 2", 
            "end_date": null, 
            "other_description": "", 
            "image": "", 
            "not_listed": false, 
            "created_on": "2011-10-13 02:26:34", 
            "slug": "course-2", 
            "start_date": null, 
            "under_development": false, 
            "featured": false, 
            "other": "", 
            "next_projects": [], 
            "detailed_description": 33, 
            "short_description": "test", 
            "archived": false, 
            "long_description": "<p>\n\ttest</p>", 
            "imported_from": null, 
            "clone_of": 1
        }
    }, 
    {
        "pk": 10, 
        "model": "projects.project", 
        "fields": {
            "category": "course", 
            "school": 3, 
            "name": "Course 3 Non-moderated Signup", 
            "end_date": null, 
            "other_description": "", 
            "image": "", 
            "not_listed": false, 
            "created_on": "2011-10-13 02:26:34", 
            "slug": "course-3", 
            "start_date": null, 
            "under_development": false, 
            "featured": false, 
            "other": "", 
            "next_projects": [], 
            "detailed_description": 37, 
            "short_description": "test", 
            "archived": false, 
            "long_description": "<p>\n\ttest</p>", 
            "imported_from": null, 
            "clone_of": 1
        }
    }, 
    {
        "pk": 11, 
        "model": "projects.project", 
        "fields": {
            "category": "study group", 
            "school": 3, 
            "name": "Study Group", 
            "end_date": null, 
            "other_description": "", 
            "image": "", 
            "not_listed": false, 
            "created_on": "2011-10-13 02:26:34", 
            "slug": "study-group-1", 
            "start_date": null, 
            "under_development": false, 
            "featured": false, 
            "other": "", 
            "next_projects": [], 
            "detailed_description": 41, 
            "short_description": "test", 
            "archived": false, 
            "long_description": "<p>\n\ttest</p>", 
            "imported_from": null, 
            "clone_of": 1
        }
    }, 
    {
        "pk": 12, 
        "model": "projects.project", 
        "fields": {
            "category": "study group", 
            "school": 3, 
            "name": "Study Group Community Featured", 
            "end_date": null, 
            "other_description": "", 
            "image": "", 
            "not_listed": false, 
            "created_on": "2011-10-13 02:26:34", 
            "slug": "study-group-2", 
            "start_date": null, 
            "under_development": false, 
            "featured": false, 
            "community_featured": true, 
            "other": "", 
            "next_projects": [], 
            "detailed_description": 45, 
            "short_description": "test", 
            "archived": false, 
            "long_description": "<p>\n\ttest</p>", 
            "imported_from": null, 
            "clone_of": 1
        }
    }, 
    {
        "pk": 13, 
        "model": "projects.project", 
        "fields": {
            "category": "study group", 
            "school": 3, 
            "name": "Study Group Fresh", 
            "end_date": null, 
            "other_description": "", 
            "image": "", 
            "not_listed": false, 
            "slug": "study-group-3", 
            "start_date": null, 
            "under_development": false, 
            "featured": false, 
            "community_featured": false, 
            "other": "", 
            "next_projects": [], 
            "detailed_description": 49, 
            "short_description": "test", 
            "archived": false, 
            "long_description": "<p>\n\ttest</p>", 
            "imported_from": null, 
            "clone_of": 1
        }
    }, 
    {
        "pk": 14, 
        "model": "projects.project", 
        "fields": {
            "category": "study group", 
            "school": 3, 
            "name": "Study Group Pending Review", 
            "end_date": null, 
            "other_description": "", 
            "image": "", 
            "not_listed": false, 
            "created_on": "2011-10-13 02:01:34", 
            "slug": "study-group-4", 
            "start_date": null, 
            "under_development": false, 
            "featured": false, 
            "community_featured": false, 
            "other": "", 
            "next_projects": [], 
            "detailed_description": 53, 
            "short_description": "test", 
            "archived": false, 
            "long_description": "<p>\n\ttest</p>", 
            "imported_from": null, 
            "clone_of": 1
        }
    }, 
    {
        "pk": 15, 
        "model": "projects.project", 
        "fields": {
            "category": "study group", 
            "school": 3, 
            "name": "Study Group Spanish", 
            "end_date": null, 
            "other_description": "", 
            "image": "", 
            "not_listed": false, 
            "created_on": "2011-10-13 02:01:34", 
            "slug": "study-group-5", 
            "start_date": null, 
            "under_development": false, 
            "featured": false, 
            "community_featured": false, 
            "other": "", 
            "next_projects": [], 
            "detailed_description": 57, 
            "short_description": "test", 
            "archived": false, 
            "long_description": "<p>\n\ttest</p>", 
            "imported_from": null, 
            "clone_of": 1,
            "language": "es"
        }
    }, 
    {
        "pk": 16, 
        "model": "projects.project", 
        "fields": {
            "category": "study group", 
            "school": 3, 
            "name": "Study Group Argentinian Spanish", 
            "end_date": null, 
            "other_description": "", 
            "image": "", 
            "not_listed": false, 
            "created_on": "2011-10-13 02:01:34", 
            "slug": "study-group-6", 
            "start_date": null, 
            "under_development": false, 
            "featured": false, 
            "community_featured": false, 
            "other": "", 
            "next_projects": [], 
            "detailed_description": 61, 
            "short_description": "test", 
            "archived": false, 
            "long_description": "<p>\n\ttest</p>", 
            "imported_from": null, 
            "clone_of": 1,
            "language": "es-ar"
        }
    }, 
    {
        "pk": 17, 
        "model": "projects.project", 
        "fields": {
            "category": "course", 
            "school": 3, 
            "name": "Course Argentinian Spanish", 
            "end_date": null, 
            "other_description": "", 
            "image": "", 
            "not_listed": false, 
            "created_on": "2011-10-13 02:01:34", 
            "slug": "course-4", 
            "start_date": null, 
            "under_development": false, 
            "featured": false, 
            "community_featured": false, 
            "other": "", 
            "next_projects": [], 
            "detailed_description": 65, 
            "short_description": "test", 
            "archived": false, 
            "long_description": "<p>\n\ttest</p>", 
            "imported_from": null, 
            "clone_of": 1,
            "language": "es-ar"
        }
    }, 
    {
        "pk": 18, 
        "model": "projects.project", 
        "fields": {
            "category": "course", 
            "school": 3, 
            "name": "Course Tag 2 & 3", 
            "end_date": null, 
            "other_description": "", 
            "image": "", 
            "not_listed": false, 
            "created_on": "2011-10-13 02:01:34", 
            "slug": "course-5", 
            "start_date": null, 
            "under_development": false, 
            "featured": false, 
            "community_featured": false, 
            "other": "", 
            "next_projects": [], 
            "detailed_description": 69, 
            "short_description": "test", 
            "archived": false, 
            "long_description": "<p>\n\ttest</p>", 
            "imported_from": null, 
            "clone_of": 1
        }
    }, 
    {
        "pk": 19, 
        "model": "projects.project", 
        "fields": {
            "category": "course", 
            "school": 3, 
            "name": "Course Tag 3 & 4", 
            "end_date": null, 
            "other_description": "", 
            "image": "", 
            "not_listed": false, 
            "created_on": "2011-10-13 02:01:34", 
            "slug": "course-6", 
            "start_date": null, 
            "under_development": false, 
            "featured": false, 
            "community_featured": false, 
            "other": "", 
            "next_projects": [], 
            "detailed_description": 73, 
            "short_description": "test", 
            "archived": false, 
            "long_description": "<p>\n\ttest</p>", 
            "imported_from": null, 
            "clone_of": 1
        }
    }, 
    {
        "pk": 20, 
        "model": "projects.project", 
        "fields": {
            "category": "course", 
            "school": 3, 
            "name": "Course Tag 4 & 5", 
            "end_date": null, 
            "other_description": "", 
            "image": "", 
            "not_listed": false, 
            "created_on": "2011-10-13 02:01:34", 
            "slug": "course-7", 
            "start_date": null, 
            "under_development": false, 
            "featured": false, 
            "community_featured": false, 
            "other": "", 
            "next_projects": [], 
            "detailed_description": 77, 
            "short_description": "test", 
            "archived": false, 
            "long_description": "<p>\n\ttest</p>", 
            "imported_from": null, 
            "clone_of": 1
        }
    }, 
    {
        "pk": 21, 
        "model": "projects.project", 
        "fields": {
            "category": "course", 
            "school": 3, 
            "name": "Course Tag 5 & 6", 
            "end_date": null, 
            "other_description": "", 
            "image": "", 
            "not_listed": false, 
            "created_on": "2011-10-13 02:01:34", 
            "slug": "course-8", 
            "start_date": null, 
            "under_development": false, 
            "featured": false, 
            "community_featured": false, 
            "other": "", 
            "next_projects": [], 
            "detailed_description": 81, 
            "short_description": "test", 
            "archived": false, 
            "long_description": "<p>\n\ttest</p>", 
            "imported_from": null, 
            "clone_of": 1
        }
    }, 
    {
        "pk": 22, 
        "model": "projects.project", 
        "fields": {
            "category": "course", 
            "school": 3, 
            "name": "Course Tag 6 & 7", 
            "end_date": null, 
            "other_description": "", 
            "image": "", 
            "not_listed": false, 
            "created_on": "2011-10-13 02:01:34", 
            "slug": "course-9", 
            "start_date": null, 
            "under_development": false, 
            "featured": false, 
            "community_featured": false, 
            "other": "", 
            "next_projects": [], 
            "detailed_description": 85, 
            "short_description": "test", 
            "archived": false, 
            "long_description": "<p>\n\ttest</p>", 
            "imported_from": null, 
            "clone_of": 1
        }
    }, 
    {
        "pk": 23, 
        "model": "projects.project", 
        "fields": {
            "category": "course", 
            "school": 3, 
            "name": "Course Tag 7 & 8", 
            "end_date": null, 
            "other_description": "", 
            "image": "", 
            "not_listed": false, 
            "created_on": "2011-10-13 02:01:34", 
            "slug": "course-10", 
            "start_date": null, 
            "under_development": false, 
            "featured": false, 
            "community_featured": false, 
            "other": "", 
            "next_projects": [], 
            "detailed_description": 89, 
            "short_description": "test", 
            "archived": false, 
            "long_description": "<p>\n\ttest</p>", 
            "imported_from": null, 
            "clone_of": 1
        }
    }, 
    {
        "pk": 24, 
        "model": "projects.project", 
        "fields": {
            "category": "course", 
            "school": 3, 
            "name": "Course Oldest", 
            "end_date": null, 
            "other_description": "", 
            "image": "", 
            "not_listed": false, 
            "created_on": "2010-10-13 02:01:34", 
            "slug": "course-11", 
            "start_date": null, 
            "under_development": false, 
            "featured": false, 
            "community_featured": false, 
            "other": "", 
            "next_projects": [], 
            "detailed_description": 93, 
            "short_description": "test", 
            "archived": false, 
            "long_description": "<p>\n\ttest</p>", 
            "imported_from": null, 
            "clone_of": 1
        }
    }, 
    {
        "pk": 25, 
        "model": "projects.project", 
        "fields": {
            "category": "course", 
            "school": 3, 
            "name": "Course Popular", 
            "end_date": null, 
            "other_description": "", 
            "image": "", 
            "not_listed": false, 
            "created_on": "2011-10-13 02:01:34", 
            "slug": "course-12", 
            "start_date": null, 
            "under_development": false, 
            "featured": false, 
            "community_featured": false, 
            "other": "", 
            "next_projects": [], 
            "detailed_description": 97, 
            "short_description": "test", 
            "archived": false, 
            "long_description": "<p>\n\ttest</p>", 
            "imported_from": null, 
            "clone_of": 1
        }
    }, 
    {
        "pk": 26, 
        "model": "projects.project", 
        "fields": {
            "category": "course", 
            "school": 3, 
            "name": "Course Last Updated", 
            "end_date": null, 
            "other_description": "", 
            "image": "", 
            "not_listed": false, 
            "created_on": "2011-10-13 02:01:34", 
            "slug": "course-13", 
            "start_date": null, 
            "under_development": false, 
            "featured": false, 
            "community_featured": false, 
            "other": "", 
            "next_projects": [], 
            "detailed_description": 101, 
            "short_description": "test", 
            "archived": false, 
            "long_description": "<p>\n\ttest</p>", 
            "imported_from": null, 
            "clone_of": 1
        }
    }, 
    {
        "pk": 1, 
        "model": "projects.participation", 
        "fields": {
            "no_organizers_wall_updates": false, 
            "left_on": null, 
            "no_participants_content_updates": false, 
            "project": 1, 
            "joined_on": "2011-10-13 02:01:35", 
            "no_participants_wall_updates": false, 
            "user": 1, 
            "adopter": false, 
            "organizing": true, 
            "no_organizers_content_updates": false
        }
    }, 
    {
        "pk": 2, 
        "model": "projects.participation", 
        "fields": {
            "no_organizers_wall_updates": false, 
            "left_on": null, 
            "no_participants_content_updates": false, 
            "project": 2, 
            "joined_on": "2011-10-13 02:03:50", 
            "no_participants_wall_updates": false, 
            "user": 1, 
            "adopter": false, 
            "organizing": true, 
            "no_organizers_content_updates": false
        }
    }, 
    {
        "pk": 3, 
        "model": "projects.participation", 
        "fields": {
            "no_organizers_wall_updates": false, 
            "left_on": null, 
            "no_participants_content_updates": false, 
            "project": 3, 
            "joined_on": "2011-10-13 02:05:54", 
            "no_participants_wall_updates": false, 
            "user": 1, 
            "adopter": false, 
            "organizing": true, 
            "no_organizers_content_updates": false
        }
    }, 
    {
        "pk": 4, 
        "model": "projects.participation", 
        "fields": {
            "no_organizers_wall_updates": false, 
            "left_on": null, 
            "no_participants_content_updates": false, 
            "project": 4, 
            "joined_on": "2011-10-13 02:23:47", 
            "no_participants_wall_updates": false, 
            "user": 1, 
            "adopter": false, 
            "organizing": true, 
            "no_organizers_content_updates": false
        }
    }, 
    {
        "pk": 5, 
        "model": "projects.participation", 
        "fields": {
            "no_organizers_wall_updates": false, 
            "left_on": null, 
            "no_participants_content_updates": false, 
            "project": 5, 
            "joined_on": "2011-10-13 02:24:42", 
            "no_participants_wall_updates": false, 
            "user": 1, 
            "adopter": false, 
            "organizing": true, 
            "no_organizers_content_updates": false
        }
    }, 
    {
        "pk": 6, 
        "model": "projects.participation", 
        "fields": {
            "no_organizers_wall_updates": false, 
            "left_on": null, 
            "no_participants_content_updates": false, 
            "project": 6, 
            "joined_on": "2011-10-13 02:26:11", 
            "no_participants_wall_updates": false, 
            "user": 1, 
            "adopter": false, 
            "organizing": true, 
            "no_organizers_content_updates": false
        }
    }, 
    {
        "pk": 7, 
        "model": "projects.participation", 
        "fields": {
            "no_organizers_wall_updates": false, 
            "left_on": null, 
            "no_participants_content_updates": false, 
            "project": 7, 
            "joined_on": "2011-10-13 02:26:34", 
            "no_participants_wall_updates": false, 
            "user": 1, 
            "adopter": false, 
            "organizing": true, 
            "no_organizers_content_updates": false
        }
    }, 
    {
        "pk": 8, 
        "model": "projects.participation", 
        "fields": {
            "no_organizers_wall_updates": false, 
            "left_on": null, 
            "no_participants_content_updates": false, 
            "project": 8, 
            "joined_on": "2011-10-13 02:26:34", 
            "no_participants_wall_updates": false, 
            "user": 1, 
            "adopter": false, 
            "organizing": true, 
            "no_organizers_content_updates": false
        }
    }, 
    {
        "pk": 9, 
        "model": "projects.participation", 
        "fields": {
            "no_organizers_wall_updates": false, 
            "left_on": null, 
            "no_participants_content_updates": false, 
            "project": 9, 
            "joined_on": "2011-10-13 02:26:34", 
            "no_participants_wall_updates": false, 
            "user": 1, 
            "adopter": false, 
            "organizing": true, 
            "no_organizers_content_updates": false
        }
    }, 
    {
        "pk": 10, 
        "model": "projects.participation", 
        "fields": {
            "no_organizers_wall_updates": false, 
            "left_on": null, 
            "no_participants_content_updates": false, 
            "project": 10, 
            "joined_on": "2011-10-13 02:26:34", 
            "no_participants_wall_updates": false, 
            "user": 1, 
            "adopter": false, 
            "organizing": true, 
            "no_organizers_content_updates": false
        }
    }, 
    {
        "pk": 11, 
        "model": "projects.participation", 
        "fields": {
            "no_organizers_wall_updates": false, 
            "left_on": null, 
            "no_participants_content_updates": false, 
            "project": 11, 
            "joined_on": "2011-10-13 02:26:34", 
            "no_participants_wall_updates": false, 
            "user": 1, 
            "adopter": false, 
            "organizing": true, 
            "no_organizers_content_updates": false
        }
    }, 
    {
        "pk": 12, 
        "model": "projects.participation", 
        "fields": {
            "no_organizers_wall_updates": false, 
            "left_on": null, 
            "no_participants_content_updates": false, 
            "project": 12, 
            "joined_on": "2011-10-13 02:26:34", 
            "no_participants_wall_updates": false, 
            "user": 1, 
            "adopter": false, 
            "organizing": true, 
            "no_organizers_content_updates": false
        }
    }, 
    {
        "pk": 13, 
        "model": "projects.participation", 
        "fields": {
            "no_organizers_wall_updates": false, 
            "left_on": null, 
            "no_participants_content_updates": false, 
            "project": 13, 
            "joined_on": "2011-10-13 02:26:34", 
            "no_participants_wall_updates": false, 
            "user": 1, 
            "adopter": false, 
            "organizing": true, 
            "no_organizers_content_updates": false
        }
    }, 
    {
        "pk": 14, 
        "model": "projects.participation", 
        "fields": {
            "no_organizers_wall_updates": false, 
            "left_on": null, 
            "no_participants_content_updates": false, 
            "project": 14, 
            "joined_on": "2011-10-13 02:26:34", 
            "no_participants_wall_updates": false, 
            "user": 1, 
            "adopter": false, 
            "organizing": true, 
            "no_organizers_content_updates": false
        }
    }, 
    {
        "pk": 15, 
        "model": "projects.participation", 
        "fields": {
            "no_organizers_wall_updates": false, 
            "left_on": null, 
            "no_participants_content_updates": false, 
            "project": 15, 
            "joined_on": "2011-10-13 02:26:34", 
            "no_participants_wall_updates": false, 
            "user": 1, 
            "adopter": false, 
            "organizing": true, 
            "no_organizers_content_updates": false
        }
    }, 
    {
        "pk": 16, 
        "model": "projects.participation", 
        "fields": {
            "no_organizers_wall_updates": false, 
            "left_on": null, 
            "no_participants_content_updates": false, 
            "project": 16, 
            "joined_on": "2011-10-13 02:26:34", 
            "no_participants_wall_updates": false, 
            "user": 1, 
            "adopter": false, 
            "organizing": true, 
            "no_organizers_content_updates": false
        }
    }, 
    {
        "pk": 17, 
        "model": "projects.participation", 
        "fields": {
            "no_organizers_wall_updates": false, 
            "left_on": null, 
            "no_participants_content_updates": false, 
            "project": 17, 
            "joined_on": "2011-10-13 02:26:34", 
            "no_participants_wall_updates": false, 
            "user": 1, 
            "adopter": false, 
            "organizing": true, 
            "no_organizers_content_updates": false
        }
    }, 
    {
        "pk": 18, 
        "model": "projects.participation", 
        "fields": {
            "no_organizers_wall_updates": false, 
            "left_on": null, 
            "no_participants_content_updates": false, 
            "project": 18, 
            "joined_on": "2011-10-13 02:26:34", 
            "no_participants_wall_updates": false, 
            "user": 1, 
            "adopter": false, 
            "organizing": true, 
            "no_organizers_content_updates": false
        }
    }, 
    {
        "pk": 19, 
        "model": "projects.participation", 
        "fields": {
            "no_organizers_wall_updates": false, 
            "left_on": null, 
            "no_participants_content_updates": false, 
            "project": 19, 
            "joined_on": "2011-10-13 02:26:34", 
            "no_participants_wall_updates": false, 
            "user": 1, 
            "adopter": false, 
            "organizing": true, 
            "no_organizers_content_updates": false
        }
    }, 
    {
        "pk": 20, 
        "model": "projects.participation", 
        "fields": {
            "no_organizers_wall_updates": false, 
            "left_on": null, 
            "no_participants_content_updates": false, 
            "project": 20, 
            "joined_on": "2011-10-13 02:26:34", 
            "no_participants_wall_updates": false, 
            "user": 1, 
            "adopter": false, 
            "organizing": true, 
            "no_organizers_content_updates": false
        }
    }, 
    {
        "pk": 21, 
        "model": "projects.participation", 
        "fields": {
            "no_organizers_wall_updates": false, 
            "left_on": null, 
            "no_participants_content_updates": false, 
            "project": 21, 
            "joined_on": "2011-10-13 02:26:34", 
            "no_participants_wall_updates": false, 
            "user": 1, 
            "adopter": false, 
            "organizing": true, 
            "no_organizers_content_updates": false
        }
    }, 
    {
        "pk": 22, 
        "model": "projects.participation", 
        "fields": {
            "no_organizers_wall_updates": false, 
            "left_on": null, 
            "no_participants_content_updates": false, 
            "project": 22, 
            "joined_on": "2011-10-13 02:26:34", 
            "no_participants_wall_updates": false, 
            "user": 1, 
            "adopter": false, 
            "organizing": true, 
            "no_organizers_content_updates": false
        }
    }, 
    {
        "pk": 23, 
        "model": "projects.participation", 
        "fields": {
            "no_organizers_wall_updates": false, 
            "left_on": null, 
            "no_participants_content_updates": false, 
            "project": 23, 
            "joined_on": "2011-10-13 02:26:34", 
            "no_participants_wall_updates": false, 
            "user": 1, 
            "adopter": false, 
            "organizing": true, 
            "no_organizers_content_updates": false
        }
    }, 
    {
        "pk": 24, 
        "model": "projects.participation", 
        "fields": {
            "no_organizers_wall_updates": false, 
            "left_on": null, 
            "no_participants_content_updates": false, 
            "project": 24, 
            "joined_on": "2011-10-13 02:26:34", 
            "no_participants_wall_updates": false, 
            "user": 1, 
            "adopter": false, 
            "organizing": true, 
            "no_organizers_content_updates": false
        }
    }, 
    {
        "pk": 25, 
        "model": "projects.participation", 
        "fields": {
            "no_organizers_wall_updates": false, 
            "left_on": null, 
            "no_participants_content_updates": false, 
            "project": 25, 
            "joined_on": "2011-10-13 02:26:34", 
            "no_participants_wall_updates": false, 
            "user": 1, 
            "adopter": false, 
            "organizing": true, 
            "no_organizers_content_updates": false
        }
    }, 
    {
        "pk": 26, 
        "model": "projects.participation", 
        "fields": {
            "no_organizers_wall_updates": false, 
            "left_on": null, 
            "no_participants_content_updates": false, 
            "project": 26, 
            "joined_on": "2011-10-13 02:26:34", 
            "no_participants_wall_updates": false, 
            "user": 1, 
            "adopter": false, 
            "organizing": true, 
            "no_organizers_content_updates": false
        }
    }, 
    {
        "pk": 1, 
        "model": "signups.signup", 
        "fields": {
            "project": 1, 
            "between_participants": "", 
            "status": "closed", 
            "public": "", 
            "author": 1
        }
    }, 
    {
        "pk": 2, 
        "model": "signups.signup", 
        "fields": {
            "project": 2, 
            "between_participants": "", 
            "status": "closed", 
            "public": "", 
            "author": 1
        }
    }, 
    {
        "pk": 3, 
        "model": "signups.signup", 
        "fields": {
            "project": 3, 
            "between_participants": "", 
            "status": "closed", 
            "public": "", 
            "author": 1
        }
    }, 
    {
        "pk": 4, 
        "model": "signups.signup", 
        "fields": {
            "project": 4, 
            "between_participants": "", 
            "status": "closed", 
            "public": "", 
            "author": 1
        }
    }, 
    {
        "pk": 5, 
        "model": "signups.signup", 
        "fields": {
            "project": 5, 
            "between_participants": "", 
            "status": "closed", 
            "public": "", 
            "author": 1
        }
    }, 
    {
        "pk": 6, 
        "model": "signups.signup", 
        "fields": {
            "project": 6, 
            "between_participants": "", 
            "status": "closed", 
            "public": "", 
            "author": 1
        }
    }, 
    {
        "pk": 7, 
        "model": "signups.signup", 
        "fields": {
            "project": 7, 
            "between_participants": "", 
            "status": "closed", 
            "public": "", 
            "author": 1
        }
    }, 
    {
        "pk": 8, 
        "model": "signups.signup", 
        "fields": {
            "project": 8, 
            "between_participants": "", 
            "status": "closed", 
            "public": "", 
            "author": 1
        }
    }, 
    {
        "pk": 9, 
        "model": "signups.signup", 
        "fields": {
            "project": 9, 
            "between_participants": "", 
            "status": "moderated", 
            "public": "", 
            "author": 1
        }
    }, 
    {
        "pk": 10, 
        "model": "signups.signup", 
        "fields": {
            "project": 10, 
            "between_participants": "", 
            "status": "non-moderated", 
            "public": "", 
            "author": 1
        }
    }, 
    {
        "pk": 11, 
        "model": "signups.signup", 
        "fields": {
            "project": 11, 
            "between_participants": "", 
            "status": "moderated", 
            "public": "", 
            "author": 1
        }
    }, 
    {
        "pk": 12, 
        "model": "signups.signup", 
        "fields": {
            "project": 12, 
            "between_participants": "", 
            "status": "moderated", 
            "public": "", 
            "author": 1
        }
    }, 
    {
        "pk": 13, 
        "model": "signups.signup", 
        "fields": {
            "project": 13, 
            "between_participants": "", 
            "status": "moderated", 
            "public": "", 
            "author": 1
        }
    }, 
    {
        "pk": 14, 
        "model": "signups.signup", 
        "fields": {
            "project": 14, 
            "between_participants": "", 
            "status": "moderated", 
            "public": "", 
            "author": 1
        }
    }, 
    {
        "pk": 15, 
        "model": "signups.signup", 
        "fields": {
            "project": 15, 
            "between_participants": "", 
            "status": "moderated", 
            "public": "", 
            "author": 1
        }
    }, 
    {
        "pk": 16, 
        "model": "signups.signup", 
        "fields": {
            "project": 16, 
            "between_participants": "", 
            "status": "moderated", 
            "public": "", 
            "author": 1
        }
    }, 
    {
        "pk": 17, 
        "model": "signups.signup", 
        "fields": {
            "project": 17, 
            "between_participants": "", 
            "status": "moderated", 
            "public": "", 
            "author": 1
        }
    }, 
    {
        "pk": 18, 
        "model": "signups.signup", 
        "fields": {
            "project": 18, 
            "between_participants": "", 
            "status": "moderated", 
            "public": "", 
            "author": 1
        }
    }, 
    {
        "pk": 19, 
        "model": "signups.signup", 
        "fields": {
            "project": 19, 
            "between_participants": "", 
            "status": "moderated", 
            "public": "", 
            "author": 1
        }
    }, 
    {
        "pk": 20, 
        "model": "signups.signup", 
        "fields": {
            "project": 20, 
            "between_participants": "", 
            "status": "moderated", 
            "public": "", 
            "author": 1
        }
    }, 
    {
        "pk": 21, 
        "model": "signups.signup", 
        "fields": {
            "project": 21, 
            "between_participants": "", 
            "status": "moderated", 
            "public": "", 
            "author": 1
        }
    }, 
    {
        "pk": 22, 
        "model": "signups.signup", 
        "fields": {
            "project": 22, 
            "between_participants": "", 
            "status": "moderated", 
            "public": "", 
            "author": 1
        }
    }, 
    {
        "pk": 23, 
        "model": "signups.signup", 
        "fields": {
            "project": 23, 
            "between_participants": "", 
            "status": "moderated", 
            "public": "", 
            "author": 1
        }
    }, 
    {
        "pk": 24, 
        "model": "signups.signup", 
        "fields": {
            "project": 24, 
            "between_participants": "", 
            "status": "moderated", 
            "public": "", 
            "author": 1
        }
    }, 
    {
        "pk": 25, 
        "model": "signups.signup", 
        "fields": {
            "project": 25, 
            "between_participants": "", 
            "status": "moderated", 
            "public": "", 
            "author": 1
        }
    }, 
    {
        "pk": 26, 
        "model": "signups.signup", 
        "fields": {
            "project": 26, 
            "between_participants": "", 
            "status": "moderated", 
            "public": "", 
            "author": 1
        }
    }, 
    {
        "pk": 1, 
        "model": "content.page", 
        "fields": {
            "sub_header": null, 
            "project": 1, 
            "collaborative": false, 
            "author": 1, 
            "deleted": false, 
            "index": 0, 
            "title": "Full Description", 
            "minor_update": true, 
            "last_update": "2011-10-13 02:01:35", 
            "content": "\n\n\n<p><strong>Please fill out the  's full description.</strong> In this page you could:</p>\n\n<ul>\n    <li>Describe the purpose of the  and the learning goals for the tasks within.</li>\n\t<li>Describe your role in this  . What made you interested in this topic? What do you hope to achieve by organizing this  ? Are you an expert, enthusiastic or a novice?</li>\n\t<li>Include any prerequisite knowledge or skills needed to participate in the  , the intended start date, estimated pace, commitment, amount of work, and the length of time the participants can expect to work together (a few days, a few weeks, or forever).</li>\n\t<li>Provided any other information that could be useful for people interested in joining the  . In what ways can participants expect to contribute to the creation of tasks and assessing each others\\' contributions? What will the final task comprise?</li>\n</ul>\n", 
            "listed": false, 
            "slug": "full-description",
            "badges_to_apply": []
        }
    }, 
    {
        "pk": 2, 
        "model": "content.page", 
        "fields": {
            "sub_header": "task1", 
            "project": 1, 
            "collaborative": false, 
            "author": 1, 
            "deleted": false, 
            "index": 1, 
            "title": "task1", 
            "minor_update": false, 
            "last_update": "2011-10-13 02:02:13", 
            "content": "<p>\n\ttask1</p>", 
            "listed": true, 
            "slug": "task1",
            "badges_to_apply": []
        }
    }, 
    {
        "pk": 3, 
        "model": "content.page", 
        "fields": {
            "sub_header": "task2", 
            "project": 1, 
            "collaborative": false, 
            "author": 1, 
            "deleted": false, 
            "index": 2, 
            "title": "task2", 
            "minor_update": false, 
            "last_update": "2011-10-13 02:02:49", 
            "content": "<p>\n\ttask2</p>", 
            "listed": true, 
            "slug": "task2",
            "badges_to_apply": []
        }
    }, 
    {
        "pk": 4, 
        "model": "content.page", 
        "fields": {
            "sub_header": "task3", 
            "project": 1, 
            "collaborative": false, 
            "author": 1, 
            "deleted": false, 
            "index": 3, 
            "title": "task3", 
            "minor_update": false, 
            "last_update": "2011-10-13 02:03:27", 
            "content": "<p>\n\ttask3</p>", 
            "listed": true, 
            "slug": "task3",
            "badges_to_apply": []
        }
    }, 
    {
        "pk": 5, 
        "model": "content.page", 
        "fields": {
            "sub_header": null, 
            "project": 2, 
            "collaborative": true, 
            "author": 1, 
            "deleted": false, 
            "index": 0, 
            "title": "Full Description", 
            "minor_update": true, 
            "last_update": "2011-10-13 02:03:51", 
            "content": "\n\n\n<p><strong>Please fill out the  's full description.</strong> In this page you could:</p>\n\n<ul>\n    <li>Describe the purpose of the  and the learning goals for the tasks within.</li>\n\t<li>Describe your role in this  . What made you interested in this topic? What do you hope to achieve by organizing this  ? Are you an expert, enthusiastic or a novice?</li>\n\t<li>Include any prerequisite knowledge or skills needed to participate in the  , the intended start date, estimated pace, commitment, amount of work, and the length of time the participants can expect to work together (a few days, a few weeks, or forever).</li>\n\t<li>Provided any other information that could be useful for people interested in joining the  . In what ways can participants expect to contribute to the creation of tasks and assessing each others\\' contributions? What will the final task comprise?</li>\n</ul>\n", 
            "listed": false, 
            "slug": "full-description",
            "badges_to_apply": []
        }
    }, 
    {
        "pk": 6, 
        "model": "content.page", 
        "fields": {
            "sub_header": null, 
            "project": 2, 
            "collaborative": true, 
            "author": 1, 
            "deleted": false, 
            "index": 1, 
            "title": "task1", 
            "minor_update": true, 
            "last_update": "2011-10-13 02:03:52", 
            "content": "<p>\n\ttask1</p>", 
            "listed": true, 
            "slug": "task1",
            "badges_to_apply": []
        }
    }, 
    {
        "pk": 7, 
        "model": "content.page", 
        "fields": {
            "sub_header": null, 
            "project": 2, 
            "collaborative": true, 
            "author": 1, 
            "deleted": false, 
            "index": 2, 
            "title": "task2", 
            "minor_update": true, 
            "last_update": "2011-10-13 02:03:52", 
            "content": "<p>\n\ttask2</p>", 
            "listed": true, 
            "slug": "task2",
            "badges_to_apply": []
        }
    }, 
    {
        "pk": 8, 
        "model": "content.page", 
        "fields": {
            "sub_header": null, 
            "project": 2, 
            "collaborative": true, 
            "author": 1, 
            "deleted": false, 
            "index": 3, 
            "title": "task3", 
            "minor_update": true, 
            "last_update": "2011-10-13 02:03:52", 
            "content": "<p>\n\ttask3</p>", 
            "listed": true, 
            "slug": "task3",
            "badges_to_apply": []
        }
    }, 
    {
        "pk": 9, 
        "model": "content.page", 
        "fields": {
            "sub_header": null, 
            "project": 3, 
            "collaborative": true, 
            "author": 1, 
            "deleted": false, 
            "index": 0, 
            "title": "Full Description", 
            "minor_update": true, 
            "last_update": "2011-10-13 02:05:55", 
            "content": "\n\n\n<p><strong>Please fill out the  's full description.</strong> In this page you could:</p>\n\n<ul>\n    <li>Describe the purpose of the  and the learning goals for the tasks within.</li>\n\t<li>Describe your role in this  . What made you interested in this topic? What do you hope to achieve by organizing this  ? Are you an expert, enthusiastic or a novice?</li>\n\t<li>Include any prerequisite knowledge or skills needed to participate in the  , the intended start date, estimated pace, commitment, amount of work, and the length of time the participants can expect to work together (a few days, a few weeks, or forever).</li>\n\t<li>Provided any other information that could be useful for people interested in joining the  . In what ways can participants expect to contribute to the creation of tasks and assessing each others\\' contributions? What will the final task comprise?</li>\n</ul>\n", 
            "listed": false, 
            "slug": "full-description",
            "badges_to_apply": []
        }
    }, 
    {
        "pk": 10, 
        "model": "content.page", 
        "fields": {
            "sub_header": null, 
            "project": 3, 
            "collaborative": true, 
            "author": 1, 
            "deleted": false, 
            "index": 1, 
            "title": "task1", 
            "minor_update": true, 
            "last_update": "2011-10-13 02:05:55", 
            "content": "<p>\n\ttask1</p>", 
            "listed": true, 
            "slug": "task1",
            "badges_to_apply": []
        }
    }, 
    {
        "pk": 11, 
        "model": "content.page", 
        "fields": {
            "sub_header": null, 
            "project": 3, 
            "collaborative": true, 
            "author": 1, 
            "deleted": false, 
            "index": 2, 
            "title": "task2", 
            "minor_update": true, 
            "last_update": "2011-10-13 02:05:56", 
            "content": "<p>\n\ttask2</p>", 
            "listed": true, 
            "slug": "task2",
            "badges_to_apply": []
        }
    }, 
    {
        "pk": 12, 
        "model": "content.page", 
        "fields": {
            "sub_header": null, 
            "project": 3, 
            "collaborative": true, 
            "author": 1, 
            "deleted": false, 
            "index": 3, 
            "title": "task3", 
            "minor_update": true, 
            "last_update": "2011-10-13 02:05:56", 
            "content": "<p>\n\ttask3</p>", 
            "listed": true, 
            "slug": "task3",
            "badges_to_apply": []
        }
    }, 
    {
        "pk": 13, 
        "model": "content.page", 
        "fields": {
            "sub_header": null, 
            "project": 4, 
            "collaborative": true, 
            "author": 1, 
            "deleted": false, 
            "index": 0, 
            "title": "Full Description", 
            "minor_update": true, 
            "last_update": "2011-10-13 02:23:47", 
            "content": "\n\n\n<p><strong>Please fill out the  's full description.</strong> In this page you could:</p>\n\n<ul>\n    <li>Describe the purpose of the  and the learning goals for the tasks within.</li>\n\t<li>Describe your role in this  . What made you interested in this topic? What do you hope to achieve by organizing this  ? Are you an expert, enthusiastic or a novice?</li>\n\t<li>Include any prerequisite knowledge or skills needed to participate in the  , the intended start date, estimated pace, commitment, amount of work, and the length of time the participants can expect to work together (a few days, a few weeks, or forever).</li>\n\t<li>Provided any other information that could be useful for people interested in joining the  . In what ways can participants expect to contribute to the creation of tasks and assessing each others\\' contributions? What will the final task comprise?</li>\n</ul>\n", 
            "listed": false, 
            "slug": "full-description",
            "badges_to_apply": []
        }
    }, 
    {
        "pk": 14, 
        "model": "content.page", 
        "fields": {
            "sub_header": null, 
            "project": 4, 
            "collaborative": true, 
            "author": 1, 
            "deleted": false, 
            "index": 1, 
            "title": "task1", 
            "minor_update": true, 
            "last_update": "2011-10-13 02:23:48", 
            "content": "<p>\n\ttask1</p>", 
            "listed": true, 
            "slug": "task1",
            "badges_to_apply": []
        }
    }, 
    {
        "pk": 15, 
        "model": "content.page", 
        "fields": {
            "sub_header": null, 
            "project": 4, 
            "collaborative": true, 
            "author": 1, 
            "deleted": false, 
            "index": 2, 
            "title": "task2", 
            "minor_update": true, 
            "last_update": "2011-10-13 02:23:48", 
            "content": "<p>\n\ttask2</p>", 
            "listed": true, 
            "slug": "task2",
            "badges_to_apply": []
        }
    }, 
    {
        "pk": 16, 
        "model": "content.page", 
        "fields": {
            "sub_header": null, 
            "project": 4, 
            "collaborative": true, 
            "author": 1, 
            "deleted": false, 
            "index": 3, 
            "title": "task3", 
            "minor_update": true, 
            "last_update": "2011-10-13 02:23:49", 
            "content": "<p>\n\ttask3</p>", 
            "listed": true, 
            "slug": "task3",
            "badges_to_apply": []
        }
    }, 
    {
        "pk": 17, 
        "model": "content.page", 
        "fields": {
            "sub_header": null, 
            "project": 5, 
            "collaborative": true, 
            "author": 1, 
            "deleted": false, 
            "index": 0, 
            "title": "Full Description", 
            "minor_update": true, 
            "last_update": "2011-10-13 02:24:43", 
            "content": "\n\n\n<p><strong>Please fill out the  's full description.</strong> In this page you could:</p>\n\n<ul>\n    <li>Describe the purpose of the  and the learning goals for the tasks within.</li>\n\t<li>Describe your role in this  . What made you interested in this topic? What do you hope to achieve by organizing this  ? Are you an expert, enthusiastic or a novice?</li>\n\t<li>Include any prerequisite knowledge or skills needed to participate in the  , the intended start date, estimated pace, commitment, amount of work, and the length of time the participants can expect to work together (a few days, a few weeks, or forever).</li>\n\t<li>Provided any other information that could be useful for people interested in joining the  . In what ways can participants expect to contribute to the creation of tasks and assessing each others\\' contributions? What will the final task comprise?</li>\n</ul>\n", 
            "listed": false, 
            "slug": "full-description",
            "badges_to_apply": []
        }
    }, 
    {
        "pk": 18, 
        "model": "content.page", 
        "fields": {
            "sub_header": null, 
            "project": 5, 
            "collaborative": true, 
            "author": 1, 
            "deleted": false, 
            "index": 1, 
            "title": "task1", 
            "minor_update": true, 
            "last_update": "2011-10-13 02:24:44", 
            "content": "<p>\n\ttask1</p>", 
            "listed": true, 
            "slug": "task1",
            "badges_to_apply": []
        }
    }, 
    {
        "pk": 19, 
        "model": "content.page", 
        "fields": {
            "sub_header": null, 
            "project": 5, 
            "collaborative": true, 
            "author": 1, 
            "deleted": false, 
            "index": 2, 
            "title": "task2", 
            "minor_update": true, 
            "last_update": "2011-10-13 02:24:44", 
            "content": "<p>\n\ttask2</p>", 
            "listed": true, 
            "slug": "task2",
            "badges_to_apply": []
        }
    }, 
    {
        "pk": 20, 
        "model": "content.page", 
        "fields": {
            "sub_header": null, 
            "project": 5, 
            "collaborative": true, 
            "author": 1, 
            "deleted": false, 
            "index": 3, 
            "title": "task3", 
            "minor_update": true, 
            "last_update": "2011-10-13 02:24:44", 
            "content": "<p>\n\ttask3</p>", 
            "listed": true, 
            "slug": "task3",
            "badges_to_apply": []
        }
    }, 
    {
        "pk": 21, 
        "model": "content.page", 
        "fields": {
            "sub_header": null, 
            "project": 6, 
            "collaborative": true, 
            "author": 1, 
            "deleted": false, 
            "index": 0, 
            "title": "Full Description", 
            "minor_update": true, 
            "last_update": "2011-10-13 02:26:12", 
            "content": "\n\n\n<p><strong>Please fill out the  's full description.</strong> In this page you could:</p>\n\n<ul>\n    <li>Describe the purpose of the  and the learning goals for the tasks within.</li>\n\t<li>Describe your role in this  . What made you interested in this topic? What do you hope to achieve by organizing this  ? Are you an expert, enthusiastic or a novice?</li>\n\t<li>Include any prerequisite knowledge or skills needed to participate in the  , the intended start date, estimated pace, commitment, amount of work, and the length of time the participants can expect to work together (a few days, a few weeks, or forever).</li>\n\t<li>Provided any other information that could be useful for people interested in joining the  . In what ways can participants expect to contribute to the creation of tasks and assessing each others\\' contributions? What will the final task comprise?</li>\n</ul>\n", 
            "listed": false, 
            "slug": "full-description",
            "badges_to_apply": []
        }
    }, 
    {
        "pk": 22, 
        "model": "content.page", 
        "fields": {
            "sub_header": null, 
            "project": 6, 
            "collaborative": true, 
            "author": 1, 
            "deleted": false, 
            "index": 1, 
            "title": "task1", 
            "minor_update": true, 
            "last_update": "2011-10-13 02:26:13", 
            "content": "<p>\n\ttask1</p>", 
            "listed": true, 
            "slug": "task1",
            "badges_to_apply": []
        }
    }, 
    {
        "pk": 23, 
        "model": "content.page", 
        "fields": {
            "sub_header": null, 
            "project": 6, 
            "collaborative": true, 
            "author": 1, 
            "deleted": false, 
            "index": 2, 
            "title": "task2", 
            "minor_update": true, 
            "last_update": "2011-10-13 02:26:13", 
            "content": "<p>\n\ttask2</p>", 
            "listed": true, 
            "slug": "task2",
            "badges_to_apply": []
        }
    }, 
    {
        "pk": 24, 
        "model": "content.page", 
        "fields": {
            "sub_header": null, 
            "project": 6, 
            "collaborative": true, 
            "author": 1, 
            "deleted": false, 
            "index": 3, 
            "title": "task3", 
            "minor_update": true, 
            "last_update": "2011-10-13 02:26:13", 
            "content": "<p>\n\ttask3</p>", 
            "listed": true, 
            "slug": "task3",
            "badges_to_apply": []
        }
    }, 
    {
        "pk": 25, 
        "model": "content.page", 
        "fields": {
            "sub_header": null, 
            "project": 7, 
            "collaborative": true, 
            "author": 1, 
            "deleted": false, 
            "index": 0, 
            "title": "Full Description", 
            "minor_update": true, 
            "last_update": "2011-10-13 02:26:35", 
            "content": "\n\n\n<p><strong>Please fill out the  's full description.</strong> In this page you could:</p>\n\n<ul>\n    <li>Describe the purpose of the  and the learning goals for the tasks within.</li>\n\t<li>Describe your role in this  . What made you interested in this topic? What do you hope to achieve by organizing this  ? Are you an expert, enthusiastic or a novice?</li>\n\t<li>Include any prerequisite knowledge or skills needed to participate in the  , the intended start date, estimated pace, commitment, amount of work, and the length of time the participants can expect to work together (a few days, a few weeks, or forever).</li>\n\t<li>Provided any other information that could be useful for people interested in joining the  . In what ways can participants expect to contribute to the creation of tasks and assessing each others\\' contributions? What will the final task comprise?</li>\n</ul>\n", 
            "listed": false, 
            "slug": "full-description",
            "badges_to_apply": []
        }
    }, 
    {
        "pk": 26, 
        "model": "content.page", 
        "fields": {
            "sub_header": null, 
            "project": 7, 
            "collaborative": true, 
            "author": 1, 
            "deleted": false, 
            "index": 1, 
            "title": "task1", 
            "minor_update": true, 
            "last_update": "2011-10-13 02:26:35", 
            "content": "<p>\n\ttask1</p>", 
            "listed": true, 
            "slug": "task1",
            "badges_to_apply": []
        }
    }, 
    {
        "pk": 27, 
        "model": "content.page", 
        "fields": {
            "sub_header": null, 
            "project": 7, 
            "collaborative": true, 
            "author": 1, 
            "deleted": false, 
            "index": 2, 
            "title": "task2", 
            "minor_update": true, 
            "last_update": "2011-10-13 02:26:36", 
            "content": "<p>\n\ttask2</p>", 
            "listed": true, 
            "slug": "task2",
            "badges_to_apply": []
        }
    }, 
    {
        "pk": 28, 
        "model": "content.page", 
        "fields": {
            "sub_header": null, 
            "project": 7, 
            "collaborative": true, 
            "author": 1, 
            "deleted": false, 
            "index": 3, 
            "title": "task3", 
            "minor_update": true, 
            "last_update": "2011-10-13 02:26:36", 
            "content": "<p>\n\ttask3</p>", 
            "listed": true, 
            "slug": "task3",
            "badges_to_apply": []
        }
    }, 
    {
        "pk": 29, 
        "model": "content.page", 
        "fields": {
            "sub_header": null, 
            "project": 8, 
            "collaborative": true, 
            "author": 1, 
            "deleted": false, 
            "index": 0, 
            "title": "Full Description", 
            "minor_update": true, 
            "last_update": "2011-10-13 02:26:35", 
            "content": "\n\n\n<p><strong>Please fill out the  's full description.</strong> In this page you could:</p>\n\n<ul>\n    <li>Describe the purpose of the  and the learning goals for the tasks within.</li>\n\t<li>Describe your role in this  . What made you interested in this topic? What do you hope to achieve by organizing this  ? Are you an expert, enthusiastic or a novice?</li>\n\t<li>Include any prerequisite knowledge or skills needed to participate in the  , the intended start date, estimated pace, commitment, amount of work, and the length of time the participants can expect to work together (a few days, a few weeks, or forever).</li>\n\t<li>Provided any other information that could be useful for people interested in joining the  . In what ways can participants expect to contribute to the creation of tasks and assessing each others\\' contributions? What will the final task comprise?</li>\n</ul>\n", 
            "listed": false, 
            "slug": "full-description",
            "badges_to_apply": []
        }
    }, 
    {
        "pk": 30, 
        "model": "content.page", 
        "fields": {
            "sub_header": null, 
            "project": 8, 
            "collaborative": true, 
            "author": 1, 
            "deleted": false, 
            "index": 1, 
            "title": "task1", 
            "minor_update": true, 
            "last_update": "2011-10-13 02:26:35", 
            "content": "<p>\n\ttask1</p>", 
            "listed": true, 
            "slug": "task1",
            "badges_to_apply": []
        }
    }, 
    {
        "pk": 31, 
        "model": "content.page", 
        "fields": {
            "sub_header": null, 
            "project": 8, 
            "collaborative": true, 
            "author": 1, 
            "deleted": false, 
            "index": 2, 
            "title": "task2", 
            "minor_update": true, 
            "last_update": "2011-10-13 02:26:36", 
            "content": "<p>\n\ttask2</p>", 
            "listed": true, 
            "slug": "task2",
            "badges_to_apply": []
        }
    }, 
    {
        "pk": 32, 
        "model": "content.page", 
        "fields": {
            "sub_header": null, 
            "project": 8, 
            "collaborative": true, 
            "author": 1, 
            "deleted": false, 
            "index": 3, 
            "title": "task3", 
            "minor_update": true, 
            "last_update": "2011-10-13 02:26:36", 
            "content": "<p>\n\ttask3</p>", 
            "listed": true, 
            "slug": "task3",
            "badges_to_apply": []
        }
    }, 
    {
        "pk": 33, 
        "model": "content.page", 
        "fields": {
            "sub_header": null, 
            "project": 9, 
            "collaborative": true, 
            "author": 1, 
            "deleted": false, 
            "index": 0, 
            "title": "Full Description", 
            "minor_update": true, 
            "last_update": "2011-10-13 02:26:35", 
            "content": "\n\n\n<p><strong>Please fill out the  's full description.</strong> In this page you could:</p>\n\n<ul>\n    <li>Describe the purpose of the  and the learning goals for the tasks within.</li>\n\t<li>Describe your role in this  . What made you interested in this topic? What do you hope to achieve by organizing this  ? Are you an expert, enthusiastic or a novice?</li>\n\t<li>Include any prerequisite knowledge or skills needed to participate in the  , the intended start date, estimated pace, commitment, amount of work, and the length of time the participants can expect to work together (a few days, a few weeks, or forever).</li>\n\t<li>Provided any other information that could be useful for people interested in joining the  . In what ways can participants expect to contribute to the creation of tasks and assessing each others\\' contributions? What will the final task comprise?</li>\n</ul>\n", 
            "listed": false, 
            "slug": "full-description",
            "badges_to_apply": []
        }
    }, 
    {
        "pk": 34, 
        "model": "content.page", 
        "fields": {
            "sub_header": null, 
            "project": 9, 
            "collaborative": true, 
            "author": 1, 
            "deleted": false, 
            "index": 1, 
            "title": "task1", 
            "minor_update": true, 
            "last_update": "2011-10-13 02:26:35", 
            "content": "<p>\n\ttask1</p>", 
            "listed": true, 
            "slug": "task1",
            "badges_to_apply": []
        }
    }, 
    {
        "pk": 35, 
        "model": "content.page", 
        "fields": {
            "sub_header": null, 
            "project": 9, 
            "collaborative": true, 
            "author": 1, 
            "deleted": false, 
            "index": 2, 
            "title": "task2", 
            "minor_update": true, 
            "last_update": "2011-10-13 02:26:36", 
            "content": "<p>\n\ttask2</p>", 
            "listed": true, 
            "slug": "task2",
            "badges_to_apply": []
        }
    }, 
    {
        "pk": 36, 
        "model": "content.page", 
        "fields": {
            "sub_header": null, 
            "project": 9, 
            "collaborative": true, 
            "author": 1, 
            "deleted": false, 
            "index": 3, 
            "title": "task3", 
            "minor_update": true, 
            "last_update": "2011-10-13 02:26:36", 
            "content": "<p>\n\ttask3</p>", 
            "listed": true, 
            "slug": "task3",
            "badges_to_apply": []
        }
    }, 
    {
        "pk": 37, 
        "model": "content.page", 
        "fields": {
            "sub_header": null, 
            "project": 10, 
            "collaborative": true, 
            "author": 1, 
            "deleted": false, 
            "index": 0, 
            "title": "Full Description", 
            "minor_update": true, 
            "last_update": "2011-10-13 02:26:35", 
            "content": "\n\n\n<p><strong>Please fill out the  's full description.</strong> In this page you could:</p>\n\n<ul>\n    <li>Describe the purpose of the  and the learning goals for the tasks within.</li>\n\t<li>Describe your role in this  . What made you interested in this topic? What do you hope to achieve by organizing this  ? Are you an expert, enthusiastic or a novice?</li>\n\t<li>Include any prerequisite knowledge or skills needed to participate in the  , the intended start date, estimated pace, commitment, amount of work, and the length of time the participants can expect to work together (a few days, a few weeks, or forever).</li>\n\t<li>Provided any other information that could be useful for people interested in joining the  . In what ways can participants expect to contribute to the creation of tasks and assessing each others\\' contributions? What will the final task comprise?</li>\n</ul>\n", 
            "listed": false, 
            "slug": "full-description",
            "badges_to_apply": []
        }
    }, 
    {
        "pk": 38, 
        "model": "content.page", 
        "fields": {
            "sub_header": null, 
            "project": 10, 
            "collaborative": true, 
            "author": 1, 
            "deleted": false, 
            "index": 1, 
            "title": "task1", 
            "minor_update": true, 
            "last_update": "2011-10-13 02:26:35", 
            "content": "<p>\n\ttask1</p>", 
            "listed": true, 
            "slug": "task1",
            "badges_to_apply": []
        }
    }, 
    {
        "pk": 39, 
        "model": "content.page", 
        "fields": {
            "sub_header": null, 
            "project": 10, 
            "collaborative": true, 
            "author": 1, 
            "deleted": false, 
            "index": 2, 
            "title": "task2", 
            "minor_update": true, 
            "last_update": "2011-10-13 02:26:36", 
            "content": "<p>\n\ttask2</p>", 
            "listed": true, 
            "slug": "task2",
            "badges_to_apply": []
        }
    }, 
    {
        "pk": 40, 
        "model": "content.page", 
        "fields": {
            "sub_header": null, 
            "project": 10, 
            "collaborative": true, 
            "author": 1, 
            "deleted": false, 
            "index": 3, 
            "title": "task3", 
            "minor_update": true, 
            "last_update": "2011-10-13 02:26:36", 
            "content": "<p>\n\ttask3</p>", 
            "listed": true, 
            "slug": "task3",
            "badges_to_apply": []
        }
    }, 
    {
        "pk": 41, 
        "model": "content.page", 
        "fields": {
            "sub_header": null, 
            "project": 11, 
            "collaborative": true, 
            "author": 1, 
            "deleted": false, 
            "index": 0, 
            "title": "Full Description", 
            "minor_update": true, 
            "last_update": "2011-10-13 02:26:35", 
            "content": "\n\n\n<p><strong>Please fill out the  's full description.</strong> In this page you could:</p>\n\n<ul>\n    <li>Describe the purpose of the  and the learning goals for the tasks within.</li>\n\t<li>Describe your role in this  . What made you interested in this topic? What do you hope to achieve by organizing this  ? Are you an expert, enthusiastic or a novice?</li>\n\t<li>Include any prerequisite knowledge or skills needed to participate in the  , the intended start date, estimated pace, commitment, amount of work, and the length of time the participants can expect to work together (a few days, a few weeks, or forever).</li>\n\t<li>Provided any other information that could be useful for people interested in joining the  . In what ways can participants expect to contribute to the creation of tasks and assessing each others\\' contributions? What will the final task comprise?</li>\n</ul>\n", 
            "listed": false, 
            "slug": "full-description",
            "badges_to_apply": []
        }
    }, 
    {
        "pk": 42, 
        "model": "content.page", 
        "fields": {
            "sub_header": null, 
            "project": 11, 
            "collaborative": true, 
            "author": 1, 
            "deleted": false, 
            "index": 1, 
            "title": "task1", 
            "minor_update": true, 
            "last_update": "2011-10-13 02:26:35", 
            "content": "<p>\n\ttask1</p>", 
            "listed": true, 
            "slug": "task1",
            "badges_to_apply": []
        }
    }, 
    {
        "pk": 43, 
        "model": "content.page", 
        "fields": {
            "sub_header": null, 
            "project": 11, 
            "collaborative": true, 
            "author": 1, 
            "deleted": false, 
            "index": 2, 
            "title": "task2", 
            "minor_update": true, 
            "last_update": "2011-10-13 02:26:36", 
            "content": "<p>\n\ttask2</p>", 
            "listed": true, 
            "slug": "task2",
            "badges_to_apply": []
        }
    }, 
    {
        "pk": 44, 
        "model": "content.page", 
        "fields": {
            "sub_header": null, 
            "project": 11, 
            "collaborative": true, 
            "author": 1, 
            "deleted": false, 
            "index": 3, 
            "title": "task3", 
            "minor_update": true, 
            "last_update": "2011-10-13 02:26:36", 
            "content": "<p>\n\ttask3</p>", 
            "listed": true, 
            "slug": "task3",
            "badges_to_apply": []
        }
    }, 
    {
        "pk": 45, 
        "model": "content.page", 
        "fields": {
            "sub_header": null, 
            "project": 12, 
            "collaborative": true, 
            "author": 1, 
            "deleted": false, 
            "index": 0, 
            "title": "Full Description", 
            "minor_update": true, 
            "last_update": "2011-10-13 02:26:35", 
            "content": "\n\n\n<p><strong>Please fill out the  's full description.</strong> In this page you could:</p>\n\n<ul>\n    <li>Describe the purpose of the  and the learning goals for the tasks within.</li>\n\t<li>Describe your role in this  . What made you interested in this topic? What do you hope to achieve by organizing this  ? Are you an expert, enthusiastic or a novice?</li>\n\t<li>Include any prerequisite knowledge or skills needed to participate in the  , the intended start date, estimated pace, commitment, amount of work, and the length of time the participants can expect to work together (a few days, a few weeks, or forever).</li>\n\t<li>Provided any other information that could be useful for people interested in joining the  . In what ways can participants expect to contribute to the creation of tasks and assessing each others\\' contributions? What will the final task comprise?</li>\n</ul>\n", 
            "listed": false, 
            "slug": "full-description",
            "badges_to_apply": []
        }
    }, 
    {
        "pk": 46, 
        "model": "content.page", 
        "fields": {
            "sub_header": null, 
            "project": 12, 
            "collaborative": true, 
            "author": 1, 
            "deleted": false, 
            "index": 1, 
            "title": "task1", 
            "minor_update": true, 
            "last_update": "2011-10-13 02:26:35", 
            "content": "<p>\n\ttask1</p>", 
            "listed": true, 
            "slug": "task1",
            "badges_to_apply": []
        }
    }, 
    {
        "pk": 47, 
        "model": "content.page", 
        "fields": {
            "sub_header": null, 
            "project": 12, 
            "collaborative": true, 
            "author": 1, 
            "deleted": false, 
            "index": 2, 
            "title": "task2", 
            "minor_update": true, 
            "last_update": "2011-10-13 02:26:36", 
            "content": "<p>\n\ttask2</p>", 
            "listed": true, 
            "slug": "task2",
            "badges_to_apply": []
        }
    }, 
    {
        "pk": 48, 
        "model": "content.page", 
        "fields": {
            "sub_header": null, 
            "project": 12, 
            "collaborative": true, 
            "author": 1, 
            "deleted": false, 
            "index": 3, 
            "title": "task3", 
            "minor_update": true, 
            "last_update": "2011-10-13 02:26:36", 
            "content": "<p>\n\ttask3</p>", 
            "listed": true, 
            "slug": "task3",
            "badges_to_apply": []
        }
    }, 
    {
        "pk": 49, 
        "model": "content.page", 
        "fields": {
            "sub_header": null, 
            "project": 13, 
            "collaborative": true, 
            "author": 1, 
            "deleted": false, 
            "index": 0, 
            "title": "Full Description", 
            "minor_update": true, 
            "last_update": "2011-10-13 02:26:35", 
            "content": "\n\n\n<p><strong>Please fill out the  's full description.</strong> In this page you could:</p>\n\n<ul>\n    <li>Describe the purpose of the  and the learning goals for the tasks within.</li>\n\t<li>Describe your role in this  . What made you interested in this topic? What do you hope to achieve by organizing this  ? Are you an expert, enthusiastic or a novice?</li>\n\t<li>Include any prerequisite knowledge or skills needed to participate in the  , the intended start date, estimated pace, commitment, amount of work, and the length of time the participants can expect to work together (a few days, a few weeks, or forever).</li>\n\t<li>Provided any other information that could be useful for people interested in joining the  . In what ways can participants expect to contribute to the creation of tasks and assessing each others\\' contributions? What will the final task comprise?</li>\n</ul>\n", 
            "listed": false, 
            "slug": "full-description",
            "badges_to_apply": []
        }
    }, 
    {
        "pk": 50, 
        "model": "content.page", 
        "fields": {
            "sub_header": null, 
            "project": 13, 
            "collaborative": true, 
            "author": 1, 
            "deleted": false, 
            "index": 1, 
            "title": "task1", 
            "minor_update": true, 
            "last_update": "2011-10-13 02:26:35", 
            "content": "<p>\n\ttask1</p>", 
            "listed": true, 
            "slug": "task1",
            "badges_to_apply": []
        }
    }, 
    {
        "pk": 51, 
        "model": "content.page", 
        "fields": {
            "sub_header": null, 
            "project": 13, 
            "collaborative": true, 
            "author": 1, 
            "deleted": false, 
            "index": 2, 
            "title": "task2", 
            "minor_update": true, 
            "last_update": "2011-10-13 02:26:36", 
            "content": "<p>\n\ttask2</p>", 
            "listed": true, 
            "slug": "task2",
            "badges_to_apply": []
        }
    }, 
    {
        "pk": 52, 
        "model": "content.page", 
        "fields": {
            "sub_header": null, 
            "project": 13, 
            "collaborative": true, 
            "author": 1, 
            "deleted": false, 
            "index": 3, 
            "title": "task3", 
            "minor_update": true, 
            "last_update": "2011-10-13 02:26:36", 
            "content": "<p>\n\ttask3</p>", 
            "listed": true, 
            "slug": "task3",
            "badges_to_apply": []
        }
    }, 
    {
        "pk": 53, 
        "model": "content.page", 
        "fields": {
            "sub_header": null, 
            "project": 14, 
            "collaborative": true, 
            "author": 1, 
            "deleted": false, 
            "index": 0, 
            "title": "Full Description", 
            "minor_update": true, 
            "last_update": "2011-10-13 02:26:35", 
            "content": "\n\n\n<p><strong>Please fill out the  's full description.</strong> In this page you could:</p>\n\n<ul>\n    <li>Describe the purpose of the  and the learning goals for the tasks within.</li>\n\t<li>Describe your role in this  . What made you interested in this topic? What do you hope to achieve by organizing this  ? Are you an expert, enthusiastic or a novice?</li>\n\t<li>Include any prerequisite knowledge or skills needed to participate in the  , the intended start date, estimated pace, commitment, amount of work, and the length of time the participants can expect to work together (a few days, a few weeks, or forever).</li>\n\t<li>Provided any other information that could be useful for people interested in joining the  . In what ways can participants expect to contribute to the creation of tasks and assessing each others\\' contributions? What will the final task comprise?</li>\n</ul>\n", 
            "listed": false, 
            "slug": "full-description",
            "badges_to_apply": []
        }
    }, 
    {
        "pk": 54, 
        "model": "content.page", 
        "fields": {
            "sub_header": null, 
            "project": 14, 
            "collaborative": true, 
            "author": 1, 
            "deleted": false, 
            "index": 1, 
            "title": "task1", 
            "minor_update": true, 
            "last_update": "2011-10-13 02:26:35", 
            "content": "<p>\n\ttask1</p>", 
            "listed": true, 
            "slug": "task1",
            "badges_to_apply": []
        }
    }, 
    {
        "pk": 55, 
        "model": "content.page", 
        "fields": {
            "sub_header": null, 
            "project": 14, 
            "collaborative": true, 
            "author": 1, 
            "deleted": false, 
            "index": 2, 
            "title": "task2", 
            "minor_update": true, 
            "last_update": "2011-10-13 02:26:36", 
            "content": "<p>\n\ttask2</p>", 
            "listed": true, 
            "slug": "task2",
            "badges_to_apply": []
        }
    }, 
    {
        "pk": 56, 
        "model": "content.page", 
        "fields": {
            "sub_header": null, 
            "project": 14, 
            "collaborative": true, 
            "author": 1, 
            "deleted": false, 
            "index": 3, 
            "title": "task3", 
            "minor_update": true, 
            "last_update": "2011-10-13 02:26:36", 
            "content": "<p>\n\ttask3</p>", 
            "listed": true, 
            "slug": "task3",
            "badges_to_apply": []
        }
    }, 
    {
        "pk": 57, 
        "model": "content.page", 
        "fields": {
            "sub_header": null, 
            "project": 15, 
            "collaborative": true, 
            "author": 1, 
            "deleted": false, 
            "index": 0, 
            "title": "Full Description", 
            "minor_update": true, 
            "last_update": "2011-10-13 02:26:35", 
            "content": "\n\n\n<p><strong>Please fill out the  's full description.</strong> In this page you could:</p>\n\n<ul>\n    <li>Describe the purpose of the  and the learning goals for the tasks within.</li>\n\t<li>Describe your role in this  . What made you interested in this topic? What do you hope to achieve by organizing this  ? Are you an expert, enthusiastic or a novice?</li>\n\t<li>Include any prerequisite knowledge or skills needed to participate in the  , the intended start date, estimated pace, commitment, amount of work, and the length of time the participants can expect to work together (a few days, a few weeks, or forever).</li>\n\t<li>Provided any other information that could be useful for people interested in joining the  . In what ways can participants expect to contribute to the creation of tasks and assessing each others\\' contributions? What will the final task comprise?</li>\n</ul>\n", 
            "listed": false, 
            "slug": "full-description",
            "badges_to_apply": []
        }
    }, 
    {
        "pk": 58, 
        "model": "content.page", 
        "fields": {
            "sub_header": null, 
            "project": 15, 
            "collaborative": true, 
            "author": 1, 
            "deleted": false, 
            "index": 1, 
            "title": "task1", 
            "minor_update": true, 
            "last_update": "2011-10-13 02:26:35", 
            "content": "<p>\n\ttask1</p>", 
            "listed": true, 
            "slug": "task1",
            "badges_to_apply": []
        }
    }, 
    {
        "pk": 59, 
        "model": "content.page", 
        "fields": {
            "sub_header": null, 
            "project": 15, 
            "collaborative": true, 
            "author": 1, 
            "deleted": false, 
            "index": 2, 
            "title": "task2", 
            "minor_update": true, 
            "last_update": "2011-10-13 02:26:36", 
            "content": "<p>\n\ttask2</p>", 
            "listed": true, 
            "slug": "task2",
            "badges_to_apply": []
        }
    }, 
    {
        "pk": 60, 
        "model": "content.page", 
        "fields": {
            "sub_header": null, 
            "project": 15, 
            "collaborative": true, 
            "author": 1, 
            "deleted": false, 
            "index": 3, 
            "title": "task3", 
            "minor_update": true, 
            "last_update": "2011-10-13 02:26:36", 
            "content": "<p>\n\ttask3</p>", 
            "listed": true, 
            "slug": "task3",
            "badges_to_apply": []
        }
    }, 
    {
        "pk": 61, 
        "model": "content.page", 
        "fields": {
            "sub_header": null, 
            "project": 16, 
            "collaborative": true, 
            "author": 1, 
            "deleted": false, 
            "index": 0, 
            "title": "Full Description", 
            "minor_update": true, 
            "last_update": "2011-10-13 02:26:35", 
            "content": "\n\n\n<p><strong>Please fill out the  's full description.</strong> In this page you could:</p>\n\n<ul>\n    <li>Describe the purpose of the  and the learning goals for the tasks within.</li>\n\t<li>Describe your role in this  . What made you interested in this topic? What do you hope to achieve by organizing this  ? Are you an expert, enthusiastic or a novice?</li>\n\t<li>Include any prerequisite knowledge or skills needed to participate in the  , the intended start date, estimated pace, commitment, amount of work, and the length of time the participants can expect to work together (a few days, a few weeks, or forever).</li>\n\t<li>Provided any other information that could be useful for people interested in joining the  . In what ways can participants expect to contribute to the creation of tasks and assessing each others\\' contributions? What will the final task comprise?</li>\n</ul>\n", 
            "listed": false, 
            "slug": "full-description",
            "badges_to_apply": []
        }
    }, 
    {
        "pk": 62, 
        "model": "content.page", 
        "fields": {
            "sub_header": null, 
            "project": 16, 
            "collaborative": true, 
            "author": 1, 
            "deleted": false, 
            "index": 1, 
            "title": "task1", 
            "minor_update": true, 
            "last_update": "2011-10-13 02:26:35", 
            "content": "<p>\n\ttask1</p>", 
            "listed": true, 
            "slug": "task1",
            "badges_to_apply": []
        }
    }, 
    {
        "pk": 63, 
        "model": "content.page", 
        "fields": {
            "sub_header": null, 
            "project": 16, 
            "collaborative": true, 
            "author": 1, 
            "deleted": false, 
            "index": 2, 
            "title": "task2", 
            "minor_update": true, 
            "last_update": "2011-10-13 02:26:36", 
            "content": "<p>\n\ttask2</p>", 
            "listed": true, 
            "slug": "task2",
            "badges_to_apply": []
        }
    }, 
    {
        "pk": 64, 
        "model": "content.page", 
        "fields": {
            "sub_header": null, 
            "project": 16, 
            "collaborative": true, 
            "author": 1, 
            "deleted": false, 
            "index": 3, 
            "title": "task3", 
            "minor_update": true, 
            "last_update": "2011-10-13 02:26:36", 
            "content": "<p>\n\ttask3</p>", 
            "listed": true, 
            "slug": "task3",
            "badges_to_apply": []
        }
    }, 
    {
        "pk": 65, 
        "model": "content.page", 
        "fields": {
            "sub_header": null, 
            "project": 17, 
            "collaborative": true, 
            "author": 1, 
            "deleted": false, 
            "index": 0, 
            "title": "Full Description", 
            "minor_update": true, 
            "last_update": "2011-10-13 02:26:35", 
            "content": "\n\n\n<p><strong>Please fill out the  's full description.</strong> In this page you could:</p>\n\n<ul>\n    <li>Describe the purpose of the  and the learning goals for the tasks within.</li>\n\t<li>Describe your role in this  . What made you interested in this topic? What do you hope to achieve by organizing this  ? Are you an expert, enthusiastic or a novice?</li>\n\t<li>Include any prerequisite knowledge or skills needed to participate in the  , the intended start date, estimated pace, commitment, amount of work, and the length of time the participants can expect to work together (a few days, a few weeks, or forever).</li>\n\t<li>Provided any other information that could be useful for people interested in joining the  . In what ways can participants expect to contribute to the creation of tasks and assessing each others\\' contributions? What will the final task comprise?</li>\n</ul>\n", 
            "listed": false, 
            "slug": "full-description",
            "badges_to_apply": []
        }
    }, 
    {
        "pk": 66, 
        "model": "content.page", 
        "fields": {
            "sub_header": null, 
            "project": 17, 
            "collaborative": true, 
            "author": 1, 
            "deleted": false, 
            "index": 1, 
            "title": "task1", 
            "minor_update": true, 
            "last_update": "2011-10-13 02:26:35", 
            "content": "<p>\n\ttask1</p>", 
            "listed": true, 
            "slug": "task1",
            "badges_to_apply": []
        }
    }, 
    {
        "pk": 67, 
        "model": "content.page", 
        "fields": {
            "sub_header": null, 
            "project": 17, 
            "collaborative": true, 
            "author": 1, 
            "deleted": false, 
            "index": 2, 
            "title": "task2", 
            "minor_update": true, 
            "last_update": "2011-10-13 02:26:36", 
            "content": "<p>\n\ttask2</p>", 
            "listed": true, 
            "slug": "task2",
            "badges_to_apply": []
        }
    }, 
    {
        "pk": 68, 
        "model": "content.page", 
        "fields": {
            "sub_header": null, 
            "project": 17, 
            "collaborative": true, 
            "author": 1, 
            "deleted": false, 
            "index": 3, 
            "title": "task3", 
            "minor_update": true, 
            "last_update": "2011-10-13 02:26:36", 
            "content": "<p>\n\ttask3</p>", 
            "listed": true, 
            "slug": "task3",
            "badges_to_apply": []
        }
    }, 
    {
        "pk": 69, 
        "model": "content.page", 
        "fields": {
            "sub_header": null, 
            "project": 18, 
            "collaborative": true, 
            "author": 1, 
            "deleted": false, 
            "index": 0, 
            "title": "Full Description", 
            "minor_update": true, 
            "last_update": "2011-10-13 02:26:35", 
            "content": "\n\n\n<p><strong>Please fill out the  's full description.</strong> In this page you could:</p>\n\n<ul>\n    <li>Describe the purpose of the  and the learning goals for the tasks within.</li>\n\t<li>Describe your role in this  . What made you interested in this topic? What do you hope to achieve by organizing this  ? Are you an expert, enthusiastic or a novice?</li>\n\t<li>Include any prerequisite knowledge or skills needed to participate in the  , the intended start date, estimated pace, commitment, amount of work, and the length of time the participants can expect to work together (a few days, a few weeks, or forever).</li>\n\t<li>Provided any other information that could be useful for people interested in joining the  . In what ways can participants expect to contribute to the creation of tasks and assessing each others\\' contributions? What will the final task comprise?</li>\n</ul>\n", 
            "listed": false, 
            "slug": "full-description",
            "badges_to_apply": []
        }
    }, 
    {
        "pk": 70, 
        "model": "content.page", 
        "fields": {
            "sub_header": null, 
            "project": 18, 
            "collaborative": true, 
            "author": 1, 
            "deleted": false, 
            "index": 1, 
            "title": "task1", 
            "minor_update": true, 
            "last_update": "2011-10-13 02:26:35", 
            "content": "<p>\n\ttask1</p>", 
            "listed": true, 
            "slug": "task1",
            "badges_to_apply": []
        }
    }, 
    {
        "pk": 71, 
        "model": "content.page", 
        "fields": {
            "sub_header": null, 
            "project": 18, 
            "collaborative": true, 
            "author": 1, 
            "deleted": false, 
            "index": 2, 
            "title": "task2", 
            "minor_update": true, 
            "last_update": "2011-10-13 02:26:36", 
            "content": "<p>\n\ttask2</p>", 
            "listed": true, 
            "slug": "task2",
            "badges_to_apply": []
        }
    }, 
    {
        "pk": 72, 
        "model": "content.page", 
        "fields": {
            "sub_header": null, 
            "project": 18, 
            "collaborative": true, 
            "author": 1, 
            "deleted": false, 
            "index": 3, 
            "title": "task3", 
            "minor_update": true, 
            "last_update": "2011-10-13 02:26:36", 
            "content": "<p>\n\ttask3</p>", 
            "listed": true, 
            "slug": "task3",
            "badges_to_apply": []
        }
    }, 
    {
        "pk": 73, 
        "model": "content.page", 
        "fields": {
            "sub_header": null, 
            "project": 19, 
            "collaborative": true, 
            "author": 1, 
            "deleted": false, 
            "index": 0, 
            "title": "Full Description", 
            "minor_update": true, 
            "last_update": "2011-10-13 02:26:35", 
            "content": "\n\n\n<p><strong>Please fill out the  's full description.</strong> In this page you could:</p>\n\n<ul>\n    <li>Describe the purpose of the  and the learning goals for the tasks within.</li>\n\t<li>Describe your role in this  . What made you interested in this topic? What do you hope to achieve by organizing this  ? Are you an expert, enthusiastic or a novice?</li>\n\t<li>Include any prerequisite knowledge or skills needed to participate in the  , the intended start date, estimated pace, commitment, amount of work, and the length of time the participants can expect to work together (a few days, a few weeks, or forever).</li>\n\t<li>Provided any other information that could be useful for people interested in joining the  . In what ways can participants expect to contribute to the creation of tasks and assessing each others\\' contributions? What will the final task comprise?</li>\n</ul>\n", 
            "listed": false, 
            "slug": "full-description",
            "badges_to_apply": []
        }
    }, 
    {
        "pk": 74, 
        "model": "content.page", 
        "fields": {
            "sub_header": null, 
            "project": 19, 
            "collaborative": true, 
            "author": 1, 
            "deleted": false, 
            "index": 1, 
            "title": "task1", 
            "minor_update": true, 
            "last_update": "2011-10-13 02:26:35", 
            "content": "<p>\n\ttask1</p>", 
            "listed": true, 
            "slug": "task1",
            "badges_to_apply": []
        }
    }, 
    {
        "pk": 75, 
        "model": "content.page", 
        "fields": {
            "sub_header": null, 
            "project": 19, 
            "collaborative": true, 
            "author": 1, 
            "deleted": false, 
            "index": 2, 
            "title": "task2", 
            "minor_update": true, 
            "last_update": "2011-10-13 02:26:36", 
            "content": "<p>\n\ttask2</p>", 
            "listed": true, 
            "slug": "task2",
            "badges_to_apply": []
        }
    }, 
    {
        "pk": 76, 
        "model": "content.page", 
        "fields": {
            "sub_header": null, 
            "project": 19, 
            "collaborative": true, 
            "author": 1, 
            "deleted": false, 
            "index": 3, 
            "title": "task3", 
            "minor_update": true, 
            "last_update": "2011-10-13 02:26:36", 
            "content": "<p>\n\ttask3</p>", 
            "listed": true, 
            "slug": "task3",
            "badges_to_apply": []
        }
    }, 
    {
        "pk": 77, 
        "model": "content.page", 
        "fields": {
            "sub_header": null, 
            "project": 20, 
            "collaborative": true, 
            "author": 1, 
            "deleted": false, 
            "index": 0, 
            "title": "Full Description", 
            "minor_update": true, 
            "last_update": "2011-10-13 02:26:35", 
            "content": "\n\n\n<p><strong>Please fill out the  's full description.</strong> In this page you could:</p>\n\n<ul>\n    <li>Describe the purpose of the  and the learning goals for the tasks within.</li>\n\t<li>Describe your role in this  . What made you interested in this topic? What do you hope to achieve by organizing this  ? Are you an expert, enthusiastic or a novice?</li>\n\t<li>Include any prerequisite knowledge or skills needed to participate in the  , the intended start date, estimated pace, commitment, amount of work, and the length of time the participants can expect to work together (a few days, a few weeks, or forever).</li>\n\t<li>Provided any other information that could be useful for people interested in joining the  . In what ways can participants expect to contribute to the creation of tasks and assessing each others\\' contributions? What will the final task comprise?</li>\n</ul>\n", 
            "listed": false, 
            "slug": "full-description",
            "badges_to_apply": []
        }
    }, 
    {
        "pk": 78, 
        "model": "content.page", 
        "fields": {
            "sub_header": null, 
            "project": 20, 
            "collaborative": true, 
            "author": 1, 
            "deleted": false, 
            "index": 1, 
            "title": "task1", 
            "minor_update": true, 
            "last_update": "2011-10-13 02:26:35", 
            "content": "<p>\n\ttask1</p>", 
            "listed": true, 
            "slug": "task1",
            "badges_to_apply": []
        }
    }, 
    {
        "pk": 79, 
        "model": "content.page", 
        "fields": {
            "sub_header": null, 
            "project": 20, 
            "collaborative": true, 
            "author": 1, 
            "deleted": false, 
            "index": 2, 
            "title": "task2", 
            "minor_update": true, 
            "last_update": "2011-10-13 02:26:36", 
            "content": "<p>\n\ttask2</p>", 
            "listed": true, 
            "slug": "task2",
            "badges_to_apply": []
        }
    }, 
    {
        "pk": 80, 
        "model": "content.page", 
        "fields": {
            "sub_header": null, 
            "project": 20, 
            "collaborative": true, 
            "author": 1, 
            "deleted": false, 
            "index": 3, 
            "title": "task3", 
            "minor_update": true, 
            "last_update": "2011-10-13 02:26:36", 
            "content": "<p>\n\ttask3</p>", 
            "listed": true, 
            "slug": "task3",
            "badges_to_apply": []
        }
    }, 
    {
        "pk": 81, 
        "model": "content.page", 
        "fields": {
            "sub_header": null, 
            "project": 21, 
            "collaborative": true, 
            "author": 1, 
            "deleted": false, 
            "index": 0, 
            "title": "Full Description", 
            "minor_update": true, 
            "last_update": "2011-10-13 02:26:35", 
            "content": "\n\n\n<p><strong>Please fill out the  's full description.</strong> In this page you could:</p>\n\n<ul>\n    <li>Describe the purpose of the  and the learning goals for the tasks within.</li>\n\t<li>Describe your role in this  . What made you interested in this topic? What do you hope to achieve by organizing this  ? Are you an expert, enthusiastic or a novice?</li>\n\t<li>Include any prerequisite knowledge or skills needed to participate in the  , the intended start date, estimated pace, commitment, amount of work, and the length of time the participants can expect to work together (a few days, a few weeks, or forever).</li>\n\t<li>Provided any other information that could be useful for people interested in joining the  . In what ways can participants expect to contribute to the creation of tasks and assessing each others\\' contributions? What will the final task comprise?</li>\n</ul>\n", 
            "listed": false, 
            "slug": "full-description",
            "badges_to_apply": []
        }
    }, 
    {
        "pk": 82, 
        "model": "content.page", 
        "fields": {
            "sub_header": null, 
            "project": 21, 
            "collaborative": true, 
            "author": 1, 
            "deleted": false, 
            "index": 1, 
            "title": "task1", 
            "minor_update": true, 
            "last_update": "2011-10-13 02:26:35", 
            "content": "<p>\n\ttask1</p>", 
            "listed": true, 
            "slug": "task1",
            "badges_to_apply": []
        }
    }, 
    {
        "pk": 83, 
        "model": "content.page", 
        "fields": {
            "sub_header": null, 
            "project": 21, 
            "collaborative": true, 
            "author": 1, 
            "deleted": false, 
            "index": 2, 
            "title": "task2", 
            "minor_update": true, 
            "last_update": "2011-10-13 02:26:36", 
            "content": "<p>\n\ttask2</p>", 
            "listed": true, 
            "slug": "task2",
            "badges_to_apply": []
        }
    }, 
    {
        "pk": 84, 
        "model": "content.page", 
        "fields": {
            "sub_header": null, 
            "project": 21, 
            "collaborative": true, 
            "author": 1, 
            "deleted": false, 
            "index": 3, 
            "title": "task3", 
            "minor_update": true, 
            "last_update": "2011-10-13 02:26:36", 
            "content": "<p>\n\ttask3</p>", 
            "listed": true, 
            "slug": "task3",
            "badges_to_apply": []
        }
    }, 
    {
        "pk": 85, 
        "model": "content.page", 
        "fields": {
            "sub_header": null, 
            "project": 22, 
            "collaborative": true, 
            "author": 1, 
            "deleted": false, 
            "index": 0, 
            "title": "Full Description", 
            "minor_update": true, 
            "last_update": "2011-10-13 02:26:35", 
            "content": "\n\n\n<p><strong>Please fill out the  's full description.</strong> In this page you could:</p>\n\n<ul>\n    <li>Describe the purpose of the  and the learning goals for the tasks within.</li>\n\t<li>Describe your role in this  . What made you interested in this topic? What do you hope to achieve by organizing this  ? Are you an expert, enthusiastic or a novice?</li>\n\t<li>Include any prerequisite knowledge or skills needed to participate in the  , the intended start date, estimated pace, commitment, amount of work, and the length of time the participants can expect to work together (a few days, a few weeks, or forever).</li>\n\t<li>Provided any other information that could be useful for people interested in joining the  . In what ways can participants expect to contribute to the creation of tasks and assessing each others\\' contributions? What will the final task comprise?</li>\n</ul>\n", 
            "listed": false, 
            "slug": "full-description",
            "badges_to_apply": []
        }
    }, 
    {
        "pk": 86, 
        "model": "content.page", 
        "fields": {
            "sub_header": null, 
            "project": 22, 
            "collaborative": true, 
            "author": 1, 
            "deleted": false, 
            "index": 1, 
            "title": "task1", 
            "minor_update": true, 
            "last_update": "2011-10-13 02:26:35", 
            "content": "<p>\n\ttask1</p>", 
            "listed": true, 
            "slug": "task1",
            "badges_to_apply": []
        }
    }, 
    {
        "pk": 87, 
        "model": "content.page", 
        "fields": {
            "sub_header": null, 
            "project": 22, 
            "collaborative": true, 
            "author": 1, 
            "deleted": false, 
            "index": 2, 
            "title": "task2", 
            "minor_update": true, 
            "last_update": "2011-10-13 02:26:36", 
            "content": "<p>\n\ttask2</p>", 
            "listed": true, 
            "slug": "task2",
            "badges_to_apply": []
        }
    }, 
    {
        "pk": 88, 
        "model": "content.page", 
        "fields": {
            "sub_header": null, 
            "project": 22, 
            "collaborative": true, 
            "author": 1, 
            "deleted": false, 
            "index": 3, 
            "title": "task3", 
            "minor_update": true, 
            "last_update": "2011-10-13 02:26:36", 
            "content": "<p>\n\ttask3</p>", 
            "listed": true, 
            "slug": "task3",
            "badges_to_apply": []
        }
    }, 
    {
        "pk": 89, 
        "model": "content.page", 
        "fields": {
            "sub_header": null, 
            "project": 23, 
            "collaborative": true, 
            "author": 1, 
            "deleted": false, 
            "index": 0, 
            "title": "Full Description", 
            "minor_update": true, 
            "last_update": "2011-10-13 02:26:35", 
            "content": "\n\n\n<p><strong>Please fill out the  's full description.</strong> In this page you could:</p>\n\n<ul>\n    <li>Describe the purpose of the  and the learning goals for the tasks within.</li>\n\t<li>Describe your role in this  . What made you interested in this topic? What do you hope to achieve by organizing this  ? Are you an expert, enthusiastic or a novice?</li>\n\t<li>Include any prerequisite knowledge or skills needed to participate in the  , the intended start date, estimated pace, commitment, amount of work, and the length of time the participants can expect to work together (a few days, a few weeks, or forever).</li>\n\t<li>Provided any other information that could be useful for people interested in joining the  . In what ways can participants expect to contribute to the creation of tasks and assessing each others\\' contributions? What will the final task comprise?</li>\n</ul>\n", 
            "listed": false, 
            "slug": "full-description",
            "badges_to_apply": []
        }
    }, 
    {
        "pk": 90, 
        "model": "content.page", 
        "fields": {
            "sub_header": null, 
            "project": 23, 
            "collaborative": true, 
            "author": 1, 
            "deleted": false, 
            "index": 1, 
            "title": "task1", 
            "minor_update": true, 
            "last_update": "2011-10-13 02:26:35", 
            "content": "<p>\n\ttask1</p>", 
            "listed": true, 
            "slug": "task1",
            "badges_to_apply": []
        }
    }, 
    {
        "pk": 91, 
        "model": "content.page", 
        "fields": {
            "sub_header": null, 
            "project": 23, 
            "collaborative": true, 
            "author": 1, 
            "deleted": false, 
            "index": 2, 
            "title": "task2", 
            "minor_update": true, 
            "last_update": "2011-10-13 02:26:36", 
            "content": "<p>\n\ttask2</p>", 
            "listed": true, 
            "slug": "task2",
            "badges_to_apply": []
        }
    }, 
    {
        "pk": 92, 
        "model": "content.page", 
        "fields": {
            "sub_header": null, 
            "project": 23, 
            "collaborative": true, 
            "author": 1, 
            "deleted": false, 
            "index": 3, 
            "title": "task3", 
            "minor_update": true, 
            "last_update": "2011-10-13 02:26:36", 
            "content": "<p>\n\ttask3</p>", 
            "listed": true, 
            "slug": "task3",
            "badges_to_apply": []
        }
    }, 
    {
        "pk": 93, 
        "model": "content.page", 
        "fields": {
            "sub_header": null, 
            "project": 24, 
            "collaborative": true, 
            "author": 1, 
            "deleted": false, 
            "index": 0, 
            "title": "Full Description", 
            "minor_update": true, 
            "last_update": "2011-10-13 02:26:35", 
            "content": "\n\n\n<p><strong>Please fill out the  's full description.</strong> In this page you could:</p>\n\n<ul>\n    <li>Describe the purpose of the  and the learning goals for the tasks within.</li>\n\t<li>Describe your role in this  . What made you interested in this topic? What do you hope to achieve by organizing this  ? Are you an expert, enthusiastic or a novice?</li>\n\t<li>Include any prerequisite knowledge or skills needed to participate in the  , the intended start date, estimated pace, commitment, amount of work, and the length of time the participants can expect to work together (a few days, a few weeks, or forever).</li>\n\t<li>Provided any other information that could be useful for people interested in joining the  . In what ways can participants expect to contribute to the creation of tasks and assessing each others\\' contributions? What will the final task comprise?</li>\n</ul>\n", 
            "listed": false, 
            "slug": "full-description",
            "badges_to_apply": []
        }
    }, 
    {
        "pk": 94, 
        "model": "content.page", 
        "fields": {
            "sub_header": null, 
            "project": 24, 
            "collaborative": true, 
            "author": 1, 
            "deleted": false, 
            "index": 1, 
            "title": "task1", 
            "minor_update": true, 
            "last_update": "2011-10-13 02:26:35", 
            "content": "<p>\n\ttask1</p>", 
            "listed": true, 
            "slug": "task1",
            "badges_to_apply": []
        }
    }, 
    {
        "pk": 95, 
        "model": "content.page", 
        "fields": {
            "sub_header": null, 
            "project": 24, 
            "collaborative": true, 
            "author": 1, 
            "deleted": false, 
            "index": 2, 
            "title": "task2", 
            "minor_update": true, 
            "last_update": "2011-10-13 02:26:36", 
            "content": "<p>\n\ttask2</p>", 
            "listed": true, 
            "slug": "task2",
            "badges_to_apply": []
        }
    }, 
    {
        "pk": 96, 
        "model": "content.page", 
        "fields": {
            "sub_header": null, 
            "project": 24, 
            "collaborative": true, 
            "author": 1, 
            "deleted": false, 
            "index": 3, 
            "title": "task3", 
            "minor_update": true, 
            "last_update": "2011-10-13 02:26:36", 
            "content": "<p>\n\ttask3</p>", 
            "listed": true, 
            "slug": "task3",
            "badges_to_apply": []
        }
    }, 
    {
        "pk": 97, 
        "model": "content.page", 
        "fields": {
            "sub_header": null, 
            "project": 25, 
            "collaborative": true, 
            "author": 1, 
            "deleted": false, 
            "index": 0, 
            "title": "Full Description", 
            "minor_update": true, 
            "last_update": "2011-10-13 02:26:35", 
            "content": "\n\n\n<p><strong>Please fill out the  's full description.</strong> In this page you could:</p>\n\n<ul>\n    <li>Describe the purpose of the  and the learning goals for the tasks within.</li>\n\t<li>Describe your role in this  . What made you interested in this topic? What do you hope to achieve by organizing this  ? Are you an expert, enthusiastic or a novice?</li>\n\t<li>Include any prerequisite knowledge or skills needed to participate in the  , the intended start date, estimated pace, commitment, amount of work, and the length of time the participants can expect to work together (a few days, a few weeks, or forever).</li>\n\t<li>Provided any other information that could be useful for people interested in joining the  . In what ways can participants expect to contribute to the creation of tasks and assessing each others\\' contributions? What will the final task comprise?</li>\n</ul>\n", 
            "listed": false, 
            "slug": "full-description",
            "badges_to_apply": []
        }
    }, 
    {
        "pk": 98, 
        "model": "content.page", 
        "fields": {
            "sub_header": null, 
            "project": 25, 
            "collaborative": true, 
            "author": 1, 
            "deleted": false, 
            "index": 1, 
            "title": "task1", 
            "minor_update": true, 
            "last_update": "2011-10-13 02:26:35", 
            "content": "<p>\n\ttask1</p>", 
            "listed": true, 
            "slug": "task1",
            "badges_to_apply": []
        }
    }, 
    {
        "pk": 99, 
        "model": "content.page", 
        "fields": {
            "sub_header": null, 
            "project": 25, 
            "collaborative": true, 
            "author": 1, 
            "deleted": false, 
            "index": 2, 
            "title": "task2", 
            "minor_update": true, 
            "last_update": "2011-10-13 02:26:36", 
            "content": "<p>\n\ttask2</p>", 
            "listed": true, 
            "slug": "task2",
            "badges_to_apply": []
        }
    }, 
    {
        "pk": 100, 
        "model": "content.page", 
        "fields": {
            "sub_header": null, 
            "project": 25, 
            "collaborative": true, 
            "author": 1, 
            "deleted": false, 
            "index": 3, 
            "title": "task3", 
            "minor_update": true, 
            "last_update": "2011-10-13 02:26:36", 
            "content": "<p>\n\ttask3</p>", 
            "listed": true, 
            "slug": "task3",
            "badges_to_apply": []
        }
    }, 
    {
        "pk": 101, 
        "model": "content.page", 
        "fields": {
            "sub_header": null, 
            "project": 26, 
            "collaborative": true, 
            "author": 1, 
            "deleted": false, 
            "index": 0, 
            "title": "Full Description", 
            "minor_update": true, 
            "last_update": "2011-10-13 02:26:35", 
            "content": "\n\n\n<p><strong>Please fill out the  's full description.</strong> In this page you could:</p>\n\n<ul>\n    <li>Describe the purpose of the  and the learning goals for the tasks within.</li>\n\t<li>Describe your role in this  . What made you interested in this topic? What do you hope to achieve by organizing this  ? Are you an expert, enthusiastic or a novice?</li>\n\t<li>Include any prerequisite knowledge or skills needed to participate in the  , the intended start date, estimated pace, commitment, amount of work, and the length of time the participants can expect to work together (a few days, a few weeks, or forever).</li>\n\t<li>Provided any other information that could be useful for people interested in joining the  . In what ways can participants expect to contribute to the creation of tasks and assessing each others\\' contributions? What will the final task comprise?</li>\n</ul>\n", 
            "listed": false, 
            "slug": "full-description",
            "badges_to_apply": []
        }
    }, 
    {
        "pk": 102, 
        "model": "content.page", 
        "fields": {
            "sub_header": null, 
            "project": 26, 
            "collaborative": true, 
            "author": 1, 
            "deleted": false, 
            "index": 1, 
            "title": "task1", 
            "minor_update": true, 
            "last_update": "2011-10-13 02:26:35", 
            "content": "<p>\n\ttask1</p>", 
            "listed": true, 
            "slug": "task1",
            "badges_to_apply": []
        }
    }, 
    {
        "pk": 103, 
        "model": "content.page", 
        "fields": {
            "sub_header": null, 
            "project": 26, 
            "collaborative": true, 
            "author": 1, 
            "deleted": false, 
            "index": 2, 
            "title": "task2", 
            "minor_update": true, 
            "last_update": "2011-10-13 02:26:36", 
            "content": "<p>\n\ttask2</p>", 
            "listed": true, 
            "slug": "task2",
            "badges_to_apply": []
        }
    }, 
    {
        "pk": 104, 
        "model": "content.page", 
        "fields": {
            "sub_header": null, 
            "project": 26, 
            "collaborative": true, 
            "author": 1, 
            "deleted": false, 
            "index": 3, 
            "title": "task3", 
            "minor_update": true, 
            "last_update": "2011-10-13 02:26:36", 
            "content": "<p>\n\ttask3</p>", 
            "listed": true, 
            "slug": "task3",
            "badges_to_apply": []
        }
    }, 
    {
        "pk": 1, 
        "model": "relationships.relationship", 
        "fields": {
            "deleted": false, 
            "source": 1, 
            "created_on": "2011-10-13 02:01:35", 
            "target_user": null, 
            "target_project": 1
        }
    }, 
    {
        "pk": 2, 
        "model": "relationships.relationship", 
        "fields": {
            "deleted": false, 
            "source": 1, 
            "created_on": "2011-10-13 02:03:51", 
            "target_user": null, 
            "target_project": 2
        }
    }, 
    {
        "pk": 3, 
        "model": "relationships.relationship", 
        "fields": {
            "deleted": false, 
            "source": 1, 
            "created_on": "2011-10-13 02:05:54", 
            "target_user": null, 
            "target_project": 3
        }
    }, 
    {
        "pk": 4, 
        "model": "relationships.relationship", 
        "fields": {
            "deleted": false, 
            "source": 1, 
            "created_on": "2011-10-13 02:23:47", 
            "target_user": null, 
            "target_project": 4
        }
    }, 
    {
        "pk": 5, 
        "model": "relationships.relationship", 
        "fields": {
            "deleted": false, 
            "source": 1, 
            "created_on": "2011-10-13 02:24:42", 
            "target_user": null, 
            "target_project": 5
        }
    }, 
    {
        "pk": 6, 
        "model": "relationships.relationship", 
        "fields": {
            "deleted": false, 
            "source": 1, 
            "created_on": "2011-10-13 02:26:12", 
            "target_user": null, 
            "target_project": 6
        }
    }, 
    {
        "pk": 7, 
        "model": "relationships.relationship", 
        "fields": {
            "deleted": false, 
            "source": 1, 
            "created_on": "2011-10-13 02:26:34", 
            "target_user": null, 
            "target_project": 7
        }
    },
    {
        "pk": 8, 
        "model": "relationships.relationship", 
        "fields": {
            "deleted": false, 
            "source": 1, 
            "created_on": "2011-10-13 02:26:34", 
            "target_user": null, 
            "target_project": 8
        }
    },
    {
        "pk": 9, 
        "model": "relationships.relationship", 
        "fields": {
            "deleted": false, 
            "source": 1, 
            "created_on": "2011-10-13 02:26:34", 
            "target_user": null, 
            "target_project": 9
        }
    },
    {
        "pk": 10, 
        "model": "relationships.relationship", 
        "fields": {
            "deleted": false, 
            "source": 1, 
            "created_on": "2011-10-13 02:26:34", 
            "target_user": null, 
            "target_project": 10
        }
    },
    {
        "pk": 11, 
        "model": "relationships.relationship", 
        "fields": {
            "deleted": false, 
            "source": 1, 
            "created_on": "2011-10-13 02:26:34", 
            "target_user": null, 
            "target_project": 11
        }
    },
    {
        "pk": 12, 
        "model": "relationships.relationship", 
        "fields": {
            "deleted": false, 
            "source": 1, 
            "created_on": "2011-10-13 02:26:34", 
            "target_user": null, 
            "target_project": 12
        }
    },
    {
        "pk": 13, 
        "model": "relationships.relationship", 
        "fields": {
            "deleted": false, 
            "source": 1, 
            "created_on": "2011-10-13 02:26:34", 
            "target_user": null, 
            "target_project": 13
        }
    },
    {
        "pk": 14, 
        "model": "relationships.relationship", 
        "fields": {
            "deleted": false, 
            "source": 1, 
            "created_on": "2011-10-13 02:26:34", 
            "target_user": null, 
            "target_project": 14
        }
    },
    {
        "pk": 15, 
        "model": "relationships.relationship", 
        "fields": {
            "deleted": false, 
            "source": 1, 
            "created_on": "2011-10-13 02:26:34", 
            "target_user": null, 
            "target_project": 15
        }
    },
    {
        "pk": 16, 
        "model": "relationships.relationship", 
        "fields": {
            "deleted": false, 
            "source": 1, 
            "created_on": "2011-10-13 02:26:34", 
            "target_user": null, 
            "target_project": 16
        }
    },
    {
        "pk": 17, 
        "model": "relationships.relationship", 
        "fields": {
            "deleted": false, 
            "source": 1, 
            "created_on": "2011-10-13 02:26:34", 
            "target_user": null, 
            "target_project": 17
        }
    },
    {
        "pk": 18, 
        "model": "relationships.relationship", 
        "fields": {
            "deleted": false, 
            "source": 1, 
            "created_on": "2011-10-13 02:26:34", 
            "target_user": null, 
            "target_project": 18
        }
    },
    {
        "pk": 19, 
        "model": "relationships.relationship", 
        "fields": {
            "deleted": false, 
            "source": 1, 
            "created_on": "2011-10-13 02:26:34", 
            "target_user": null, 
            "target_project": 19
        }
    },
    {
        "pk": 20, 
        "model": "relationships.relationship", 
        "fields": {
            "deleted": false, 
            "source": 1, 
            "created_on": "2011-10-13 02:26:34", 
            "target_user": null, 
            "target_project": 20
        }
    },
    {
        "pk": 21, 
        "model": "relationships.relationship", 
        "fields": {
            "deleted": false, 
            "source": 1, 
            "created_on": "2011-10-13 02:26:34", 
            "target_user": null, 
            "target_project": 21
        }
    },
    {
        "pk": 22, 
        "model": "relationships.relationship", 
        "fields": {
            "deleted": false, 
            "source": 1, 
            "created_on": "2011-10-13 02:26:34", 
            "target_user": null, 
            "target_project": 22
        }
    },
    {
        "pk": 23, 
        "model": "relationships.relationship", 
        "fields": {
            "deleted": false, 
            "source": 1, 
            "created_on": "2011-10-13 02:26:34", 
            "target_user": null, 
            "target_project": 23
        }
    },
    {
        "pk": 24, 
        "model": "relationships.relationship", 
        "fields": {
            "deleted": false, 
            "source": 1, 
            "created_on": "2011-10-13 02:26:34", 
            "target_user": null, 
            "target_project": 24
        }
    },
    {
        "pk": 25, 
        "model": "relationships.relationship", 
        "fields": {
            "deleted": false, 
            "source": 1, 
            "created_on": "2011-10-13 02:26:34", 
            "target_user": null, 
            "target_project": 25
        }
    },
    {
        "pk": 26, 
        "model": "relationships.relationship", 
        "fields": {
            "deleted": false, 
            "source": 2, 
            "created_on": "2011-10-13 02:26:34", 
            "target_user": null, 
            "target_project": 25
        }
    },
    {
        "pk": 27, 
        "model": "relationships.relationship", 
        "fields": {
            "deleted": false, 
            "source": 1, 
            "created_on": "2011-10-13 02:26:34", 
            "target_user": null, 
            "target_project": 26
        }
    },
    {
        "pk": 1, 
        "model": "tags.generaltag", 
        "fields": {
            "name": "Tag 1", 
            "slug": "tag-1"
        }
    },
    {
        "pk": 2, 
        "model": "tags.generaltag", 
        "fields": {
            "name": "Tag 2", 
            "slug": "tag-2"
        }
    },
    {
        "pk": 3, 
        "model": "tags.generaltag", 
        "fields": {
            "name": "Tag 3", 
            "slug": "tag-3"
        }
    },
    {
        "pk": 4, 
        "model": "tags.generaltag", 
        "fields": {
            "name": "Tag 4", 
            "slug": "tag-4"
        }
    },
    {
        "pk": 5, 
        "model": "tags.generaltag", 
        "fields": {
            "name": "Tag 5", 
            "slug": "tag-5"
        }
    },
    {
        "pk": 6, 
        "model": "tags.generaltag", 
        "fields": {
            "name": "Tag 6", 
            "slug": "tag-6"
        }
    },
    {
        "pk": 7, 
        "model": "tags.generaltag", 
        "fields": {
            "name": "Tag 7", 
            "slug": "tag-7"
        }
    },
    {
        "pk": 8, 
        "model": "tags.generaltag", 
        "fields": {
            "name": "Tag 8", 
            "slug": "tag-8"
        }
    },
    {
        "pk": 1, 
        "model": "tags.generaltaggeditem", 
        "fields": {
            "tag": 1, 
            "content_type": 29, 
            "object_id": 7
        }
    },
    {
        "pk": 2, 
        "model": "tags.generaltaggeditem", 
        "fields": {
            "tag": 2, 
            "content_type": 29, 
            "object_id": 7
        }
    },
    {
        "pk": 3, 
        "model": "tags.generaltaggeditem", 
        "fields": {
            "tag": 2, 
            "content_type": 29, 
            "object_id": 18
        }
    },
    {
        "pk": 4, 
        "model": "tags.generaltaggeditem", 
        "fields": {
            "tag": 3, 
            "content_type": 29, 
            "object_id": 18
        }
    },
    {
        "pk": 5, 
        "model": "tags.generaltaggeditem", 
        "fields": {
            "tag": 3, 
            "content_type": 29, 
            "object_id": 19
        }
    },
    {
        "pk": 6, 
        "model": "tags.generaltaggeditem", 
        "fields": {
            "tag": 4, 
            "content_type": 29, 
            "object_id": 19
        }
    },
    {
        "pk": 7, 
        "model": "tags.generaltaggeditem", 
        "fields": {
            "tag": 4, 
            "content_type": 29, 
            "object_id": 20
        }
    },
    {
        "pk": 8, 
        "model": "tags.generaltaggeditem", 
        "fields": {
            "tag": 5, 
            "content_type": 29, 
            "object_id": 20
        }
    },
    {
        "pk": 9, 
        "model": "tags.generaltaggeditem", 
        "fields": {
            "tag": 5, 
            "content_type": 29, 
            "object_id": 21
        }
    },
    {
        "pk": 10, 
        "model": "tags.generaltaggeditem", 
        "fields": {
            "tag": 6, 
            "content_type": 29, 
            "object_id": 21
        }
    },
    {
        "pk": 11, 
        "model": "tags.generaltaggeditem", 
        "fields": {
            "tag": 6, 
            "content_type": 29, 
            "object_id": 22
        }
    },
    {
        "pk": 12, 
        "model": "tags.generaltaggeditem", 
        "fields": {
            "tag": 7, 
            "content_type": 29, 
            "object_id": 22
        }
    },
    {
        "pk": 13, 
        "model": "tags.generaltaggeditem", 
        "fields": {
            "tag": 7, 
            "content_type": 29, 
            "object_id": 23
        }
    },
    {
        "pk": 14, 
        "model": "tags.generaltaggeditem", 
        "fields": {
            "tag": 8, 
            "content_type": 29, 
            "object_id": 23
        }
    },
    {
        "pk": 1,
        "model": "reviews.review",
        "fields": {
            "project": 1,
            "content": "<p>\n\tiuypi</p>",
            "created_on": "2012-03-06 12:52:38",
            "accepted": true,
            "author": 1
        }
    },
    {
        "pk": 2,
        "model": "reviews.review",
        "fields": {
            "project": 2,
            "content": "<p>\n\tiuypi</p>",
            "created_on": "2012-03-06 12:52:38",
            "accepted": true,
            "author": 1
        }
    },
    {
        "pk": 3,
        "model": "reviews.review",
        "fields": {
            "project": 3,
            "content": "<p>\n\tiuypi</p>",
            "created_on": "2012-03-06 12:52:38",
            "accepted": true,
            "author": 1
        }
    },
    {
        "pk": 4,
        "model": "reviews.review",
        "fields": {
            "project": 4,
            "content": "<p>\n\tiuypi</p>",
            "created_on": "2012-03-06 12:52:38",
            "accepted": true,
            "author": 1
        }
    },
    {
        "pk": 5,
        "model": "reviews.review",
        "fields": {
            "project": 5,
            "content": "<p>\n\tiuypi</p>",
            "created_on": "2012-03-06 12:52:38",
            "accepted": true,
            "author": 1
        }
    },
    {
        "pk": 6,
        "model": "reviews.review",
        "fields": {
            "project": 6,
            "content": "<p>\n\tiuypi</p>",
            "created_on": "2012-03-06 12:52:38",
            "accepted": true,
            "author": 1
        }
    },
    {
        "pk": 7,
        "model": "reviews.review",
        "fields": {
            "project": 7,
            "content": "<p>\n\tiuypi</p>",
            "created_on": "2012-03-06 12:52:38",
            "accepted": true,
            "author": 1
        }
    },
    {
        "pk": 8,
        "model": "reviews.review",
        "fields": {
            "project": 8,
            "content": "<p>\n\tiuypi</p>",
            "created_on": "2012-03-06 12:52:38",
            "accepted": true,
            "author": 1
        }
    },
    {
        "pk": 9,
        "model": "reviews.review",
        "fields": {
            "project": 9,
            "content": "<p>\n\tiuypi</p>",
            "created_on": "2012-03-06 12:52:38",
            "accepted": true,
            "author": 1
        }
    },
    {
        "pk": 10,
        "model": "reviews.review",
        "fields": {
            "project": 10,
            "content": "<p>\n\tiuypi</p>",
            "created_on": "2012-03-06 12:52:38",
            "accepted": true,
            "author": 1
        }
    },
    {
        "pk": 11,
        "model": "reviews.review",
        "fields": {
            "project": 11,
            "content": "<p>\n\tiuypi</p>",
            "created_on": "2012-03-06 12:52:38",
            "accepted": true,
            "author": 1
        }
    },
    {
        "pk": 12,
        "model": "reviews.review",
        "fields": {
            "project": 12,
            "content": "<p>\n\tiuypi</p>",
            "created_on": "2012-03-06 12:52:38",
            "accepted": true,
            "author": 1
        }
    },
    {
        "pk": 13,
        "model": "reviews.review",
        "fields": {
            "project": 13,
            "content": "<p>\n\tiuypi</p>",
            "created_on": "2012-03-06 12:52:38",
            "accepted": true,
            "author": 1
        }
    },
    {
        "pk": 14,
        "model": "reviews.review",
        "fields": {
            "project": 14,
            "content": "<p>\n\tiuypi</p>",
            "created_on": "2012-03-06 12:52:38",
            "accepted": false,
            "author": 1
        }
    },
    {
        "pk": 15,
        "model": "reviews.review",
        "fields": {
            "project": 15,
            "content": "<p>\n\tiuypi</p>",
            "created_on": "2012-03-06 12:52:38",
            "accepted": true,
            "author": 1
        }
    },
    {
        "pk": 16,
        "model": "reviews.review",
        "fields": {
            "project": 16,
            "content": "<p>\n\tiuypi</p>",
            "created_on": "2012-03-06 12:52:38",
            "accepted": true,
            "author": 1
        }
    },
    {
        "pk": 17,
        "model": "reviews.review",
        "fields": {
            "project": 17,
            "content": "<p>\n\tiuypi</p>",
            "created_on": "2012-03-06 12:52:38",
            "accepted": true,
            "author": 1
        }
    },
    {
        "pk": 18,
        "model": "reviews.review",
        "fields": {
            "project": 18,
            "content": "<p>\n\tiuypi</p>",
            "created_on": "2012-03-06 12:52:38",
            "accepted": true,
            "author": 1
        }
    },
    {
        "pk": 19,
        "model": "reviews.review",
        "fields": {
            "project": 19,
            "content": "<p>\n\tiuypi</p>",
            "created_on": "2012-03-06 12:52:38",
            "accepted": true,
            "author": 1
        }
    },
    {
        "pk": 20,
        "model": "reviews.review",
        "fields": {
            "project": 20,
            "content": "<p>\n\tiuypi</p>",
            "created_on": "2012-03-06 12:52:38",
            "accepted": true,
            "author": 1
        }
    },
    {
        "pk": 21,
        "model": "reviews.review",
        "fields": {
            "project": 21,
            "content": "<p>\n\tiuypi</p>",
            "created_on": "2012-03-06 12:52:38",
            "accepted": true,
            "author": 1
        }
    },
    {
        "pk": 22,
        "model": "reviews.review",
        "fields": {
            "project": 22,
            "content": "<p>\n\tiuypi</p>",
            "created_on": "2012-03-06 12:52:38",
            "accepted": true,
            "author": 1
        }
    },
    {
        "pk": 23,
        "model": "reviews.review",
        "fields": {
            "project": 23,
            "content": "<p>\n\tiuypi</p>",
            "created_on": "2012-03-06 12:52:38",
            "accepted": true,
            "author": 1
        }
    },
    {
        "pk": 24,
        "model": "reviews.review",
        "fields": {
            "project": 24,
            "content": "<p>\n\tiuypi</p>",
            "created_on": "2012-03-06 12:52:38",
            "accepted": true,
            "author": 1
        }
    },
    {
        "pk": 25,
        "model": "reviews.review",
        "fields": {
            "project": 25,
            "content": "<p>\n\tiuypi</p>",
            "created_on": "2012-03-06 12:52:38",
            "accepted": true,
            "author": 1
        }
    },
    {
        "pk": 26,
        "model": "reviews.review",
        "fields": {
            "project": 26,
            "content": "<p>\n\tiuypi</p>",
            "created_on": "2012-03-06 12:52:38",
            "accepted": true,
            "author": 1
        }
    }
]
